Customer Group;Customer ID;VIN;Engine;Roaming flag;Rental ID;Rental Usage Type;Begin Time;End Time;Revenue;Distance (km);Drives;Reservation minutes;Fuel before the drive (%);Fuel after the drive (%);Start latitude;Start longitude;End latitude;End longitude
Customer;786735;WBY1Z210X0V307780;I3;No;9325981906;Private;06.08.2015 09:06:22;06.08.2015 10:15:56;0.00;0;1;0;85;90;55.676100;12.568300;55.437900;11.812772
Customer;736473;WBY1Z21000V307822;I3;No;9326188904;Private;11.08.2015 08:55:08;11.08.2015 09:02:02;0.00;0;1;1;66;65;55.437644;11.814101;55.437695;11.816066
Customer;736473;WBY1Z21000V307822;I3;No;9326190428;Private;11.08.2015 09:15:59;11.08.2015 09:17:02;0.00;0;1;0;65;65;55.437695;11.816065;55.437695;11.816064
Customer;736473;WBY1Z21000V307822;I3;No;9326192751;Private;11.08.2015 09:59:11;11.08.2015 10:00:32;0.00;0;1;1;65;65;55.437695;11.816064;55.437695;11.816063
Customer;736473;WBY1Z21000V307822;I3;No;9326194048;Private;11.08.2015 10:29:29;11.08.2015 10:30:51;0.00;0;1;1;64;64;55.437696;11.816062;55.437652;11.816024
Customer;736473;WBY1Z21000V307822;I3;No;9326194272;Private;11.08.2015 10:35:27;11.08.2015 10:38:43;0.00;0;1;1;64;64;55.437652;11.816024;55.437647;11.815782
Customer;736473;WBY1Z21060V308084;I3;No;9326199686;Private;11.08.2015 12:47:42;11.08.2015 12:48:52;0.00;0;1;2;99;99;55.437599;11.814076;55.437152;11.813646
Customer;164732;WBY1Z21010V307960;I3;Yes;9326238148;Private;12.08.2015 12:07:48;12.08.2015 12:11:10;0.00;0;1;0;51;51;55.670934;12.583950;55.670933;12.583950
Customer;164732;WBY1Z21010V307960;I3;Yes;9326238510;Private;12.08.2015 12:14:49;12.08.2015 13:10:19;0.00;0;1;0;51;50;55.670933;12.583950;55.670931;12.583950
Non_Customer;790031;WBY1Z21010V307960;I3;No;9326242755;Private;12.08.2015 14:18:34;12.08.2015 14:19:22;0.00;0;1;0;50;50;55.670931;12.583950;55.670933;12.583950
Customer;790044;WBY1Z21010V307960;I3;No;9326243128;Private;12.08.2015 14:30:15;12.08.2015 14:32:04;0.00;0;1;0;50;50;55.670933;12.583950;55.670934;12.583950
Customer;791227;WBY1Z21010V307960;I3;No;9326248987;Private;12.08.2015 17:10:16;12.08.2015 17:10:57;0.00;0;1;0;46;99;55.670934;12.583950;55.670934;12.583950
Non_Customer;790031;WBY1Z21090V307818;I3;No;9326441577;Private;17.08.2015 13:59:14;27.08.2015 14:48:58;0.00;334;1;0;16;99;55.726729;12.582682;55.671036;12.583519
Non_Customer;793667;WBY1Z21010V307960;I3;No;9326478645;Private;18.08.2015 11:22:39;18.08.2015 14:53:49;0.00;66;1;1;53;80;55.670470;12.583693;55.669455;12.579705
Customer;790044;WBY1Z21010V307960;I3;No;9326496582;Private;18.08.2015 18:15:16;18.08.2015 18:18:50;0.00;1;1;0;80;79;55.669365;12.579999;55.671213;12.583687
Non_Customer;793667;WBY1Z21050V307931;I3;No;9326512662;Private;19.08.2015 08:29:05;19.08.2015 08:30:02;0.00;0;1;1;99;99;55.437727;11.814069;55.437054;11.815914
Customer;790044;WBY1Z21010V307960;I3;No;9326522472;Private;19.08.2015 12:11:37;19.08.2015 12:15:25;0.00;1;1;2;77;77;55.670565;12.583786;55.670944;12.583774
Customer;790044;WBY1Z21010V307960;I3;No;9326522588;Private;19.08.2015 12:18:10;19.08.2015 12:27:18;0.00;2;1;2;77;75;55.670944;12.583774;55.657421;12.568127
Customer;790044;WBY1Z21010V307960;I3;No;9326523029;Private;19.08.2015 12:30:10;19.08.2015 12:41:54;0.00;6;1;1;75;71;55.657421;12.568127;55.641962;12.603315
Customer;790044;WBY1Z21010V307960;I3;No;9326523626;Private;19.08.2015 12:47:08;19.08.2015 12:50:28;0.00;0;1;4;71;71;55.641962;12.603315;55.640272;12.604977
Customer;790044;WBY1Z21010V307960;I3;No;9326524045;Private;19.08.2015 12:53:08;19.08.2015 12:55:01;0.00;0;1;2;71;71;55.640272;12.604977;55.639238;12.605314
Customer;790044;WBY1Z21010V307960;I3;No;9326524145;Private;19.08.2015 12:58:00;19.08.2015 13:11:50;0.00;5;1;2;71;68;55.639238;12.605314;55.671158;12.583635
Non_Customer;793664;WBY1Z21030V308138;I3;No;9326528528;Private;19.08.2015 14:52:45;19.08.2015 14:53:35;0.00;0;1;4;97;97;55.437567;11.814045;55.437079;11.816411
Customer;790044;WBY1Z21010V307960;I3;No;9326529244;Private;19.08.2015 15:12:24;19.08.2015 15:12:53;0.00;0;1;4;68;68;55.671158;12.583635;55.671159;12.583636
Customer;790044;WBY1Z21010V307960;I3;No;9326562637;Private;20.08.2015 12:05:14;20.08.2015 12:10:02;0.00;1;1;0;19;26;55.671152;12.583629;55.669252;12.580072
Customer;790044;WBY1Z21010V307960;I3;No;9326564691;Private;20.08.2015 12:58:10;20.08.2015 13:06:52;0.00;1;1;0;23;24;55.669251;12.580071;55.669274;12.580099
Customer;790044;WBY1Z21010V307960;I3;No;9326568313;Private;20.08.2015 14:28:10;20.08.2015 14:32:11;0.00;3;1;0;28;28;55.676229;12.569520;55.672244;12.570339
Customer;790044;WBY1Z21010V307960;I3;No;9326568490;Private;20.08.2015 14:33:26;20.08.2015 14:41:48;0.00;2;1;0;28;28;55.672244;12.570339;55.671191;12.583666
Customer;790044;WBY1Z21010V307960;I3;No;9326569790;Private;20.08.2015 15:04:51;20.08.2015 15:24:54;0.00;0;1;0;28;27;55.671191;12.583666;55.671177;12.583653
Customer;790044;WBY1Z21010V307960;I3;No;9326599534;Private;21.08.2015 09:53:47;21.08.2015 10:18:24;0.00;9;1;0;99;95;55.669263;12.580086;55.630482;12.649661
Customer;790044;WBY1Z21010V307960;I3;No;9326606348;Private;21.08.2015 12:08:38;21.08.2015 12:34:19;0.00;7;1;0;81;76;55.614872;12.469360;55.648117;12.468345
Customer;790044;WBY1Z21010V307960;I3;No;9326607850;Private;21.08.2015 12:38:18;21.08.2015 12:39:39;0.00;0;1;0;76;76;55.648117;12.468345;55.648116;12.468344
Customer;790044;WBY1Z21010V307960;I3;No;9326608238;Private;21.08.2015 12:42:22;21.08.2015 13:18:45;0.00;16;1;0;76;67;55.648116;12.468344;55.731082;12.567868
Customer;790044;WBY1Z21010V307960;I3;No;9326610224;Private;21.08.2015 13:23:41;21.08.2015 13:39:46;0.00;6;1;0;67;63;55.731082;12.567868;55.712844;12.617546
Customer;790044;WBY1Z21010V307960;I3;No;9326611197;Private;21.08.2015 13:46:08;21.08.2015 13:58:43;0.00;6;1;0;63;60;55.712844;12.617546;55.697024;12.600415
Customer;790044;WBY1Z21010V307960;I3;No;9326612445;Private;21.08.2015 14:15:28;21.08.2015 14:35:04;0.00;6;1;0;60;56;55.697024;12.600415;55.702380;12.583114
Customer;790044;WBY1Z21010V307960;I3;No;9326613866;Private;21.08.2015 14:42:38;21.08.2015 15:12:29;0.00;6;1;0;56;51;55.702380;12.583114;55.671181;12.583656
Customer;790044;WBY1Z21010V307960;I3;No;9326616158;Private;21.08.2015 15:23:58;21.08.2015 15:49:43;0.00;10;1;0;51;45;55.671181;12.583656;55.630616;12.649268
Customer;790044;WBY1Z21010V307960;I3;No;9326618195;Private;21.08.2015 16:07:49;21.08.2015 16:13:09;0.00;2;1;0;43;41;55.638036;12.649344;55.650407;12.646295
Customer;790044;WBY1Z21010V307960;I3;No;9326618782;Private;21.08.2015 16:16:21;21.08.2015 16:24:44;0.00;4;1;0;41;38;55.650407;12.646295;55.668137;12.606238
Customer;790044;WBY1Z21010V307960;I3;No;9326619857;Private;21.08.2015 16:32:49;21.08.2015 16:40:24;0.00;3;1;0;38;36;55.668137;12.606238;55.690756;12.611568
Customer;790044;WBY1Z21010V307960;I3;No;9326620696;Private;21.08.2015 16:48:42;21.08.2015 16:54:31;0.00;3;1;0;36;34;55.690756;12.611568;55.696126;12.609501
Customer;790044;WBY1Z21010V307960;I3;No;9326621322;Private;21.08.2015 17:01:27;21.08.2015 17:16:47;0.00;7;1;0;34;30;55.696126;12.609501;55.671204;12.583679
Customer;790044;WBY1Z21010V307960;I3;No;9326622345;Private;21.08.2015 17:20:31;21.08.2015 17:23:42;0.00;0;1;0;30;30;55.671204;12.583679;55.670895;12.584413
Customer;790044;WBY1Z21010V307960;I3;No;9326722501;Private;24.08.2015 11:03:31;24.08.2015 11:19:55;0.00;0;1;0;28;28;55.670895;12.584414;55.670953;12.583801
Customer;790044;WBY1Z21010V307960;I3;No;9326724556;Private;24.08.2015 11:42:12;24.08.2015 11:46:15;0.00;1;1;0;28;28;55.670954;12.583801;55.669253;12.580073
Customer;790044;WBY1Z21010V307960;I3;No;9326724863;Private;24.08.2015 11:53:41;24.08.2015 11:55:36;0.00;0;1;0;28;28;55.669253;12.580073;55.671166;12.583642
Customer;790044;WBY1Z21010V307960;I3;No;9326728597;Private;24.08.2015 13:03:30;24.08.2015 13:05:02;0.00;0;1;0;28;28;55.671166;12.583642;55.671166;12.583643
Customer;790044;WBY1Z21010V307960;I3;No;9326728674;Private;24.08.2015 13:06:22;24.08.2015 13:27:28;0.00;7;1;0;28;25;55.671166;12.583643;55.645430;12.521527
Customer;790044;WBY1Z21010V307960;I3;No;9326730380;Private;24.08.2015 13:38:32;24.08.2015 13:39:55;0.00;0;1;0;25;24;55.645430;12.521527;55.645430;12.521527
Customer;790044;WBY1Z21010V307960;I3;No;9326730485;Private;24.08.2015 13:43:07;24.08.2015 13:47:34;0.00;0;1;0;24;23;55.645430;12.521527;55.644791;12.513322
Customer;790044;WBY1Z21010V307960;I3;No;9326730605;Private;24.08.2015 13:49:09;24.08.2015 15:09:15;0.00;13;1;0;14;57;55.644791;12.513322;55.669358;12.579670
Customer;790044;WBY1Z21010V307960;I3;No;9326741967;Private;24.08.2015 17:48:52;24.08.2015 18:31:34;0.00;5;1;0;57;62;55.669270;12.579650;55.693656;12.594940
Customer;790044;WBY1Z21010V307960;I3;No;9326744745;Private;24.08.2015 18:47:04;24.08.2015 19:06:49;0.00;5;1;0;59;56;55.693656;12.594940;55.671641;12.561156
Customer;790044;WBY1Z21010V307960;I3;No;9326745705;Private;24.08.2015 19:08:40;24.08.2015 19:17:22;0.00;1;1;0;56;55;55.671641;12.561156;55.676256;12.559081
Customer;790044;WBY1Z21010V307960;I3;No;9326746147;Private;24.08.2015 19:19:01;24.08.2015 19:23:20;0.00;0;1;0;55;55;55.676256;12.559081;55.676256;12.559081
Customer;790044;WBY1Z21010V307960;I3;No;9326746477;Private;24.08.2015 19:34:08;24.08.2015 20:02:44;0.00;0;1;0;59;99;55.676256;12.559081;55.676240;12.559210
Customer;790044;WBY1Z21010V307960;I3;No;9326760175;Private;25.08.2015 08:28:43;25.08.2015 08:45:54;0.00;3;1;0;99;97;55.676240;12.559210;55.671036;12.583519
Customer;790044;WBY1Z21010V307960;I3;No;9326762038;Private;25.08.2015 09:00:11;25.08.2015 12:02:25;0.00;31;1;0;97;75;55.671036;12.583519;55.671210;12.583684
Non_Customer;793664;WBY1Z21030V308219;I3;No;9326779459;Private;25.08.2015 15:41:47;25.08.2015 15:43:33;0.00;0;1;0;34;80;55.836603;12.323516;55.691857;12.618641
Customer;797135;WBY1Z21010V307960;I3;No;9326780200;Business;25.08.2015 15:57:17;25.08.2015 15:59:11;0.00;0;1;0;75;75;55.671210;12.583684;55.671128;12.583906
Customer;797135;WBY1Z21010V307960;I3;No;9326780788;Business;25.08.2015 16:12:43;25.08.2015 16:34:32;0.00;9;1;0;75;68;55.671128;12.583906;55.630712;12.649285
Customer;797135;WBY1Z21010V307960;I3;No;9326782639;Private;25.08.2015 16:58:56;25.08.2015 17:15:40;0.00;9;1;0;61;99;55.671128;12.583906;55.671155;12.583632
Non_Customer;793664;WBY1Z21030V308057;I3;No;9326803594;Private;26.08.2015 08:55:27;26.08.2015 08:57:51;0.00;0;1;1;84;84;55.690547;12.620622;55.690546;12.620624
Non_Customer;793660;WBY1Z21030V307975;I3;No;9326803736;Private;26.08.2015 09:00:45;26.08.2015 09:05:56;0.00;0;1;0;85;85;55.691689;12.619529;55.691690;12.619528
Non_Customer;793664;WBY1Z21020V308051;I3;No;9326804271;Private;26.08.2015 09:07:50;26.08.2015 09:09:53;0.00;0;1;1;91;91;55.691702;12.619462;55.691702;12.619462
Non_Customer;793664;WBY1Z210X0V308024;I3;No;9326804388;Private;26.08.2015 09:11:59;26.08.2015 09:15:34;0.00;2;1;1;96;95;55.436301;11.813124;55.436301;11.813123
Non_Customer;793664;WBY1Z21040V307774;I3;No;9326804735;Private;26.08.2015 09:24:35;26.08.2015 09:27:37;0.00;0;1;0;85;85;55.436315;11.813167;55.436315;11.813166
Non_Customer;793660;WBY1Z210X0V308203;I3;No;9326804843;Private;26.08.2015 09:18:22;28.08.2015 13:58:33;0.00;1;1;1;69;68;55.692175;12.618721;55.691954;12.618551
Non_Customer;793665;WBY1Z21020V308020;I3;No;9326805106;Private;26.08.2015 09:27:11;26.08.2015 09:28:41;0.00;0;1;1;84;84;55.692034;12.618489;55.692025;12.618547
Non_Customer;793663;WBY1Z21050V307878;I3;No;9326805460;Private;26.08.2015 09:31:35;28.08.2015 14:50:27;0.00;0;1;6;91;89;55.692821;12.621979;55.693098;12.625182
Non_Customer;793664;WBY1Z21040V307841;I3;No;9326805473;Private;26.08.2015 09:32:15;26.08.2015 09:34:15;0.00;7;1;3;76;75;55.691950;12.619579;55.691949;12.619580
Non_Customer;793664;WBY1Z21060V308103;I3;No;9326805663;Private;26.08.2015 09:36:01;26.08.2015 09:38:23;0.00;0;1;0;84;83;55.691943;12.619658;55.691944;12.619653
Non_Customer;793661;WBY1Z21010V307845;I3;No;9326806121;Private;26.08.2015 09:45:27;30.08.2015 14:20:17;0.00;51;1;0;42;69;55.694412;12.621209;55.691893;12.618452
Non_Customer;793664;WBY1Z21070V308224;I3;No;9326806133;Private;26.08.2015 09:45:51;26.08.2015 09:48:27;0.00;0;1;6;85;84;55.691981;12.619608;55.691980;12.619609
Non_Customer;793667;WBY1Z21020V308146;I3;No;9326806192;Private;26.08.2015 09:47:58;30.08.2015 18:22:05;0.00;51;1;1;28;74;55.692750;12.622076;55.691902;12.618402
Non_Customer;793664;WBY1Z21080V307857;I3;No;9326806382;Private;26.08.2015 09:49:46;26.08.2015 09:52:59;0.00;0;1;0;89;89;55.692001;12.619625;55.692001;12.619626
Customer;790044;WBY1Z21010V307960;I3;No;9326806498;Private;26.08.2015 09:53:50;26.08.2015 10:27:13;0.00;11;1;0;99;92;55.670868;12.584589;55.630230;12.651161
Non_Customer;793664;WBY1Z21070V308076;I3;No;9326806649;Private;26.08.2015 09:54:21;26.08.2015 09:56:08;0.00;0;1;0;98;98;55.692030;12.619539;55.692030;12.619539
Non_Customer;793664;WBY1Z21000V307836;I3;No;9326806896;Private;26.08.2015 09:57:40;26.08.2015 09:59:35;0.00;0;1;0;98;98;55.692043;12.619708;55.692043;12.619708
Non_Customer;793664;WBY1Z21080V307731;I3;No;9326807061;Private;26.08.2015 10:02:32;26.08.2015 10:07:05;0.00;0;1;0;95;94;55.691748;12.620893;55.691745;12.620897
Non_Customer;793664;WBY1Z21030V307734;I3;No;9326807547;Private;26.08.2015 10:08:55;26.08.2015 10:11:02;0.00;0;1;0;98;98;55.692113;12.619678;55.692113;12.619679
Non_Customer;793664;WBY1Z21030V307989;I3;No;9326807661;Private;26.08.2015 10:12:37;26.08.2015 10:14:34;0.00;0;1;0;91;91;55.692168;12.619795;55.692168;12.619796
Non_Customer;793664;WBY1Z21040V308097;I3;No;9326808028;Private;26.08.2015 10:28:51;26.08.2015 10:31:41;0.00;0;1;0;97;97;55.692089;12.619426;55.692089;12.619426
Non_Customer;793664;WBY1Z21030V307992;I3;No;9326808068;Private;26.08.2015 10:16:31;26.08.2015 10:19:16;0.00;0;1;1;98;98;55.692168;12.619674;55.692168;12.619675
Non_Customer;793664;WBY1Z21050V307864;I3;No;9326808254;Private;26.08.2015 10:21:41;26.08.2015 10:23:38;0.00;0;1;0;98;98;55.692246;12.619546;55.692246;12.619548
Non_Customer;793664;WBY1Z21060V307839;I3;No;9326808344;Private;26.08.2015 10:25:28;26.08.2015 10:27:11;0.00;0;1;1;99;99;55.692156;12.619565;55.692156;12.619565
Non_Customer;793664;WBY1Z21030V308074;I3;No;9326808847;Private;26.08.2015 10:40:38;26.08.2015 10:50:02;0.00;0;1;1;95;95;55.689223;12.620446;55.692150;12.619887
Non_Customer;793664;WBY1Z21090V308256;I3;No;9326808979;Private;26.08.2015 10:37:22;26.08.2015 10:38:15;0.00;0;1;5;78;78;55.692095;12.619449;55.692095;12.619450
Non_Customer;793664;WBY1Z21070V308014;I3;No;9326809446;Private;26.08.2015 10:56:08;26.08.2015 10:57:41;0.00;0;1;0;82;82;55.692033;12.619433;55.692032;12.619434
Non_Customer;793664;WBY1Z210X0V308265;I3;No;9326809811;Private;26.08.2015 10:59:37;26.08.2015 11:02:42;0.00;0;1;1;96;96;55.692141;12.619934;55.692141;12.619936
Non_Customer;793664;WBY1Z21030V308012;I3;No;9326809907;Private;26.08.2015 11:04:14;26.08.2015 11:05:54;0.00;0;1;0;94;94;55.691886;12.619596;55.691885;12.619596
Non_Customer;793664;WBY1Z21080V308233;I3;No;9326810253;Private;26.08.2015 11:07:46;26.08.2015 11:39:39;0.00;0;1;0;77;76;55.692668;12.625494;55.692794;12.614574
Non_Customer;793664;WBY1Z21070V307865;I3;No;9326811497;Private;26.08.2015 11:42:21;26.08.2015 11:44:01;0.00;0;1;1;76;76;55.691958;12.619409;55.691958;12.619412
Non_Customer;793664;WBY1Z21050V308111;I3;No;9326811732;Private;26.08.2015 11:45:54;26.08.2015 11:52:26;0.00;0;1;0;84;84;55.689351;12.623268;55.692793;12.615709
Non_Customer;793664;WBY1Z21080V308054;I3;No;9326812265;Private;26.08.2015 11:56:03;26.08.2015 11:58:22;0.00;0;1;2;99;99;55.691840;12.619433;55.691839;12.619438
Non_Customer;793664;WBY1Z210X0V307844;I3;No;9326812351;Private;26.08.2015 11:59:46;26.08.2015 12:01:37;0.00;0;1;0;98;98;55.691805;12.619439;55.691804;12.619440
Non_Customer;793664;WBY1Z21070V308255;I3;No;9326812477;Private;26.08.2015 12:05:24;26.08.2015 12:08:35;0.00;0;1;3;88;88;55.691849;12.619358;55.691848;12.619359
Non_Customer;793664;WBY1Z21020V308096;I3;No;9326812787;Private;26.08.2015 12:11:54;26.08.2015 12:13:56;0.00;0;1;1;85;84;55.691858;12.619226;55.691858;12.619227
Non_Customer;793664;WBY1Z21010V308218;I3;No;9326813074;Private;26.08.2015 12:19:34;26.08.2015 12:23:21;0.00;0;1;1;88;87;55.691822;12.619246;55.691822;12.619248
Non_Customer;793664;WBY1Z21070V307879;I3;No;9326813523;Private;26.08.2015 12:27:29;26.08.2015 12:29:22;0.00;0;1;1;88;88;55.437463;11.815569;55.437463;11.815568
Non_Customer;793664;WBY1Z21000V307884;I3;No;9326813604;Private;26.08.2015 12:31:25;26.08.2015 12:46:19;0.00;0;1;1;84;83;55.688094;12.624769;55.688080;12.624828
Non_Customer;793664;WBY1Z21040V308214;I3;No;9326814765;Private;26.08.2015 13:01:52;26.08.2015 13:06:38;0.00;0;1;9;85;85;55.692176;12.619752;55.691739;12.619268
Non_Customer;793664;WBY1Z21030V307801;I3;No;9326814889;Private;26.08.2015 13:08:56;26.08.2015 13:09:54;0.00;0;1;1;92;92;55.691954;12.619362;55.691954;12.619363
Non_Customer;793664;WBY1Z21030V308009;I3;No;9326814993;Private;26.08.2015 13:12:22;26.08.2015 13:13:06;0.00;0;1;1;88;88;55.691447;12.620338;55.691446;12.620340
Non_Customer;793664;WBY1Z21090V308015;I3;No;9326815061;Private;26.08.2015 13:15:45;26.08.2015 13:16:26;0.00;0;1;1;88;88;55.692181;12.619728;55.692180;12.619728
Non_Customer;793664;WBY1Z21090V308208;I3;No;9326815192;Private;26.08.2015 13:22:12;26.08.2015 13:22:53;0.00;0;1;1;83;83;55.692006;12.619373;55.692005;12.619376
Non_Customer;793664;WBY1Z21020V308213;I3;No;9326815340;Private;26.08.2015 13:18:56;26.08.2015 13:19:37;0.00;0;1;1;63;63;55.692193;12.619661;55.692193;12.619662
Non_Customer;793664;WBY1Z210X0V307990;I3;No;9326815557;Private;26.08.2015 13:25:41;26.08.2015 13:26:24;0.00;0;1;1;82;82;55.692022;12.619445;55.692022;12.619446
Non_Customer;793664;WBY1Z21010V308302;I3;No;9326816342;Private;26.08.2015 13:50:22;26.08.2015 13:51:07;0.00;0;1;1;90;90;55.692121;12.619408;55.692121;12.619409
Non_Customer;793664;WBY1Z21090V307852;I3;No;9326816413;Private;26.08.2015 13:54:50;26.08.2015 13:55:35;0.00;0;1;2;85;85;55.692152;12.619374;55.692151;12.619375
Non_Customer;793664;WBY1Z21050V307881;I3;No;9326816781;Private;26.08.2015 13:58:26;26.08.2015 13:59:12;0.00;0;1;1;86;86;55.692162;12.620055;55.692161;12.620057
Non_Customer;793664;WBY1Z21010V308218;I3;No;9326817454;Private;26.08.2015 14:18:08;26.08.2015 14:19:58;0.00;0;1;0;86;86;55.691822;12.619248;55.691822;12.619248
Non_Customer;793664;WBY1Z21040V308262;I3;No;9326818777;Private;26.08.2015 14:53:41;26.08.2015 14:55:08;0.00;0;1;1;89;89;55.691761;12.619149;55.691760;12.619155
Non_Customer;793664;WBY1Z21050V308027;I3;No;9326818901;Private;26.08.2015 14:43:38;26.08.2015 14:44:19;0.00;0;1;2;96;96;55.691764;12.619132;55.691764;12.619133
Non_Customer;793664;WBY1Z21050V308173;I3;No;9326818984;Private;26.08.2015 14:47:27;26.08.2015 14:48:09;0.00;0;1;1;89;89;55.691873;12.619223;55.691873;12.619225
Non_Customer;793664;WBY1Z21050V308013;I3;No;9326819069;Private;26.08.2015 14:50:43;26.08.2015 14:51:25;0.00;0;1;1;84;84;55.691894;12.619246;55.691894;12.619247
Non_Customer;793664;WBY1Z21050V307945;I3;No;9326819259;Private;26.08.2015 14:58:29;26.08.2015 14:59:05;0.00;0;1;2;78;78;55.691909;12.619356;55.691909;12.619356
Non_Customer;793664;WBY1Z21050V308240;I3;No;9326819339;Private;26.08.2015 15:01:31;26.08.2015 15:02:41;0.00;0;1;1;89;89;55.691964;12.619232;55.691963;12.619235
Non_Customer;793664;WBY1Z210X0V307861;I3;No;9326819696;Private;26.08.2015 15:12:41;26.08.2015 15:13:21;0.00;0;1;2;28;99;55.692013;12.619324;55.692013;12.619326
Non_Customer;793664;WBY1Z210X0V308105;I3;No;9326819786;Private;26.08.2015 15:08:36;26.08.2015 15:09:18;0.00;0;1;4;84;84;55.436761;11.811624;55.436761;11.811623
Non_Customer;793664;WBY1Z21090V308242;I3;No;9326819903;Private;26.08.2015 15:15:23;26.08.2015 15:16:02;0.00;0;1;1;89;89;55.692213;12.619552;55.692213;12.619553
Non_Customer;793664;WBY1Z21080V308183;I3;No;9326820124;Private;26.08.2015 15:19:46;26.08.2015 15:20:36;0.00;0;1;0;78;78;55.692048;12.619366;55.692048;12.619368
Non_Customer;793664;WBY1Z21070V307946;I3;No;9326820188;Private;26.08.2015 15:23:05;26.08.2015 15:23:55;0.00;0;1;0;86;86;55.692065;12.619401;55.692065;12.619402
Non_Customer;793664;WBY1Z21090V308211;I3;No;9326820250;Private;26.08.2015 15:26:54;26.08.2015 15:27:34;0.00;0;1;0;90;89;55.692118;12.619334;55.692118;12.619334
Non_Customer;793664;WBY1Z21050V308075;I3;No;9326820549;Private;26.08.2015 15:32:28;26.08.2015 15:33:09;0.00;0;1;2;95;95;55.692150;12.619415;55.692150;12.619416
Non_Customer;793664;WBY1Z21090V308175;I3;No;9326820709;Private;26.08.2015 15:35:37;26.08.2015 15:36:19;0.00;0;1;1;84;84;55.692162;12.619418;55.692162;12.619419
Non_Customer;793664;WBY1Z210X0V308248;I3;No;9326820863;Private;26.08.2015 15:42:50;26.08.2015 15:43:35;0.00;0;1;1;86;86;55.691002;12.622410;55.690960;12.622527
Non_Customer;793665;WBY1Z21090V308273;I3;No;9326820961;Private;26.08.2015 15:38:48;26.08.2015 15:41:48;0.00;0;1;0;88;87;55.692314;12.619018;55.692312;12.619028
Non_Customer;793664;WBY1Z21010V307828;I3;No;9326820972;Private;26.08.2015 15:39:13;26.08.2015 15:40:01;0.00;0;1;1;89;89;55.692187;12.619430;55.692184;12.619446
Customer;790044;WBY1Z21010V307960;I3;No;9326821485;Private;26.08.2015 16:02:29;26.08.2015 16:46:01;0.00;22;1;0;85;70;55.630981;12.651226;55.645446;12.521757
Non_Customer;793664;WBY1Z21040V307984;I3;No;9326821493;Private;26.08.2015 16:02:59;26.08.2015 16:03:46;0.00;0;1;0;87;87;55.692104;12.619268;55.692103;12.619271
Non_Customer;793664;WBY1Z21080V307874;I3;No;9326821586;Private;26.08.2015 15:55:58;26.08.2015 15:56:37;0.00;0;1;1;79;79;55.691626;12.620281;55.691625;12.620283
Non_Customer;793664;WBY1Z21060V307906;I3;No;9326821653;Private;26.08.2015 15:59:10;26.08.2015 15:59:52;0.00;0;1;0;79;79;55.691378;12.620473;55.691375;12.620479
Non_Customer;793664;WBY1Z21010V307974;I3;No;9326822398;Private;26.08.2015 16:21:54;26.08.2015 16:53:22;0.00;0;1;2;87;87;55.692250;12.619359;55.692248;12.619366
Customer;790044;WBY1Z21010V307960;I3;No;9326823582;Private;26.08.2015 16:47:32;26.08.2015 17:27:20;0.00;10;1;0;70;63;55.645446;12.521757;55.671213;12.583687
Non_Customer;793664;WBY1Z21050V308206;I3;No;9326824110;Private;26.08.2015 17:00:44;26.08.2015 17:01:45;0.00;0;1;2;77;77;55.692253;12.619344;55.692253;12.619344
Non_Customer;793664;WBY1Z21040V308259;I3;No;9326824252;Private;26.08.2015 17:04:45;26.08.2015 17:05:27;0.00;0;1;1;86;86;55.692057;12.619171;55.692057;12.619172
Non_Customer;793664;WBY1Z21070V308174;I3;No;9326824355;Private;26.08.2015 17:09:03;26.08.2015 17:14:34;0.00;0;1;2;78;77;55.691765;12.619131;55.691764;12.619131
Non_Customer;793664;WBY1Z21050V307962;I3;No;9326825004;Private;26.08.2015 17:23:31;26.08.2015 17:24:06;0.00;0;1;1;84;84;55.691938;12.619097;55.691938;12.619099
Non_Customer;793664;WBY1Z21070V307798;I3;No;9326825160;Private;26.08.2015 17:20:22;26.08.2015 17:20:59;0.00;0;1;4;80;80;55.691950;12.619171;55.691950;12.619172
Non_Customer;793664;WBY1Z21080V307938;I3;No;9326825292;Private;26.08.2015 17:26:19;26.08.2015 17:27:05;0.00;0;1;0;69;69;55.691890;12.619120;55.691892;12.619110
Non_Customer;793664;WBY1Z21000V308078;I3;No;9326825350;Private;26.08.2015 17:30:11;26.08.2015 17:30:53;0.00;0;1;2;98;98;55.692234;12.618968;55.692234;12.618969
Non_Customer;793664;WBY1Z21010V307957;I3;No;9326825535;Private;26.08.2015 17:33:15;26.08.2015 17:35:47;0.00;0;1;1;79;79;55.691872;12.619052;55.691872;12.619053
Non_Customer;793664;WBY1Z21020V308003;I3;No;9326847923;Private;27.08.2015 09:47:16;27.08.2015 09:48:34;0.00;0;1;1;85;85;55.691868;12.619120;55.691868;12.619122
Non_Customer;793664;WBY1Z210X0V307875;I3;No;9326848862;Private;27.08.2015 10:01:04;27.08.2015 10:01:48;0.00;0;1;0;98;98;55.692117;12.618110;55.692118;12.618108
Non_Customer;793664;WBY1Z21070V307848;I3;No;9326848969;Private;27.08.2015 10:05:26;27.08.2015 10:08:25;0.00;0;1;0;98;98;55.691982;12.619003;55.691982;12.619003
Non_Customer;793664;WBY1Z21060V307937;I3;No;9326849775;Private;27.08.2015 10:13:24;27.08.2015 10:16:11;0.00;0;1;3;88;88;55.689195;12.630078;55.689195;12.630083
Non_Customer;793664;WBY1Z21030V308060;I3;No;9326849936;Private;27.08.2015 10:19:07;27.08.2015 10:19:52;0.00;0;1;0;77;77;55.692000;12.619154;55.692001;12.619147
Non_Customer;793664;WBY1Z21090V308094;I3;No;9326850001;Private;27.08.2015 10:21:29;27.08.2015 10:22:42;0.00;0;1;1;83;83;55.692022;12.619099;55.692022;12.619100
Non_Customer;793664;WBY1Z21010V308008;I3;No;9326850406;Private;27.08.2015 10:27:01;27.08.2015 10:32:17;0.00;0;1;2;84;84;55.692744;12.621010;55.692744;12.621011
Non_Customer;793664;WBY1Z210X0V307911;I3;No;9326851739;Private;27.08.2015 11:04:01;27.08.2015 11:04:49;0.00;0;1;9;88;88;55.691928;12.621246;55.691924;12.621296
Non_Customer;793664;WBY1Z21040V307810;I3;No;9326852003;Private;27.08.2015 11:07:16;27.08.2015 11:08:18;0.00;0;1;1;98;98;55.692088;12.619158;55.692086;12.619161
Non_Customer;793664;WBY1Z21010V308025;I3;No;9326852069;Private;27.08.2015 11:09:37;27.08.2015 11:11:37;0.00;0;1;0;88;88;55.692136;12.619134;55.692135;12.619139
Customer;500480;WBY1Z21010V307960;I3;Yes;9326852828;Private;27.08.2015 11:29:55;27.08.2015 11:32:37;0.00;0;1;0;63;63;55.671213;12.583687;55.671213;12.583687
Non_Customer;793664;WBY1Z21080V308037;I3;No;9326852890;Private;27.08.2015 11:32:48;27.08.2015 11:37:03;0.00;0;1;1;84;83;55.692282;12.619188;55.692254;12.619335
Customer;500480;WBY1Z21010V307960;I3;Yes;9326852951;Private;27.08.2015 11:36:03;27.08.2015 11:38:07;0.00;0;1;0;63;63;55.671213;12.583687;55.671214;12.583688
Customer;500480;WBY1Z21010V307960;I3;Yes;9326853059;Private;27.08.2015 11:27:31;27.08.2015 11:28:19;0.00;0;1;0;63;63;55.671213;12.583687;55.671213;12.583687
Non_Customer;793664;WBY1Z21070V308031;I3;No;9326853299;Private;27.08.2015 11:38:34;27.08.2015 11:39:47;0.00;0;1;0;76;76;55.692196;12.619228;55.692196;12.619227
Customer;500480;WBY1Z21010V307960;I3;Yes;9326853365;Private;27.08.2015 11:41:21;27.08.2015 11:41:59;0.00;0;1;0;63;63;55.671214;12.583688;55.671214;12.583688
Non_Customer;793664;WBY1Z21050V307976;I3;No;9326853668;Private;27.08.2015 11:42:01;27.08.2015 11:42:44;0.00;0;1;1;85;84;55.691541;12.620778;55.691533;12.620802
Customer;790044;WBY1Z21010V307960;I3;No;9326854113;Private;27.08.2015 12:01:30;27.08.2015 12:02:17;0.00;0;1;0;62;62;55.671214;12.583688;55.671214;12.583688
Customer;797135;WBY1Z21010V307960;I3;No;9326854164;Business;27.08.2015 12:03:23;27.08.2015 12:04:14;0.00;0;1;0;62;62;55.671214;12.583688;55.671214;12.583688
Customer;790044;WBY1Z21010V307960;I3;No;9326854452;Private;27.08.2015 12:05:18;27.08.2015 12:07:07;2.19;0;1;0;62;62;55.671214;12.583688;55.671214;12.583688
Non_Customer;793664;WBY1Z21030V307782;I3;No;9326854487;Private;27.08.2015 12:06:53;27.08.2015 12:07:30;0.00;0;1;0;83;83;55.692068;12.619421;55.692067;12.619427
Non_Customer;793664;WBY1Z21060V308134;I3;No;9326855532;Private;27.08.2015 12:29:56;27.08.2015 12:31:52;0.00;0;1;1;87;87;55.692195;12.619356;55.692202;12.619316
Non_Customer;793664;WBY1Z21030V307863;I3;No;9326855740;Private;27.08.2015 12:40:50;27.08.2015 12:41:43;0.00;0;1;1;82;82;55.436518;11.813434;55.436518;11.813434
Non_Customer;793664;WBY1Z21090V307835;I3;No;9326855803;Private;27.08.2015 12:34:16;27.08.2015 12:35:19;0.00;0;1;1;93;93;55.692209;12.619227;55.692269;12.619256
Non_Customer;793664;WBY1Z21050V308092;I3;No;9326855872;Private;27.08.2015 12:37:27;27.08.2015 12:38:17;0.00;0;1;1;86;86;55.692158;12.619209;55.692161;12.619194
Non_Customer;793664;WBY1Z21030V308270;I3;No;9326856295;Private;27.08.2015 12:52:33;27.08.2015 12:53:22;0.00;0;1;1;28;54;55.691648;12.621814;55.692049;12.623118
Non_Customer;793664;WBY1Z21090V308001;I3;No;9326856365;Private;27.08.2015 12:44:17;27.08.2015 12:47:36;0.00;0;1;1;94;94;55.692209;12.618978;55.692213;12.618983
Non_Customer;793664;WBY1Z21030V308026;I3;No;9326856481;Private;27.08.2015 12:49:39;27.08.2015 12:50:29;0.00;0;1;1;79;79;55.692109;12.619103;55.692109;12.619103
Non_Customer;793664;WBY1Z21050V308190;I3;No;9326856577;Private;27.08.2015 12:55:06;27.08.2015 12:55:52;0.00;0;1;1;78;78;55.692035;12.619093;55.692035;12.619093
Non_Customer;793664;WBY1Z21050V308139;I3;No;9326856973;Private;27.08.2015 13:00:15;27.08.2015 13:02:21;0.00;0;1;1;87;87;55.690149;12.626722;55.690149;12.626722
Non_Customer;793664;WBY1Z21000V307934;I3;No;9326857813;Private;27.08.2015 13:30:28;27.08.2015 13:31:13;0.00;0;1;1;78;78;55.691991;12.618832;55.691991;12.618832
Non_Customer;793664;WBY1Z21040V307919;I3;No;9326858206;Private;27.08.2015 13:35:26;27.08.2015 13:36:24;0.00;0;1;1;78;78;55.691925;12.618983;55.691925;12.618984
Non_Customer;793664;WBY1Z21010V308204;I3;No;9326858464;Private;27.08.2015 13:41:29;27.08.2015 13:42:13;0.00;0;1;1;80;80;55.691034;12.623058;55.691030;12.623083
Customer;790044;WBY1Z21010V307960;I3;No;9326858970;Private;27.08.2015 14:04:48;27.08.2015 14:08:37;0.00;0;1;0;62;61;55.671214;12.583688;55.671214;12.583688
Non_Customer;793664;WBY1Z21090V307947;I3;No;9326859078;Private;27.08.2015 13:55:36;27.08.2015 13:56:23;0.00;0;1;12;82;82;55.691904;12.618943;55.691908;12.618920
Non_Customer;793665;WBY1Z21090V308130;I3;No;9326860505;Private;27.08.2015 14:35:17;27.08.2015 14:43:25;0.00;0;1;3;83;83;55.692028;12.618803;55.692003;12.618902
Non_Customer;793665;WBY1Z21080V307986;I3;No;9326860990;Private;27.08.2015 14:44:40;27.08.2015 14:45:58;0.00;0;1;0;82;82;55.691974;12.619147;55.691887;12.619430
Non_Customer;793665;WBY1Z21000V307920;I3;No;9326862250;Private;27.08.2015 15:18:59;27.08.2015 15:22:05;0.00;0;1;1;83;83;55.692092;12.618890;55.692081;12.618934
Customer;500480;WBY1Z21010V307960;I3;Yes;9326862281;Business;27.08.2015 15:22:04;27.08.2015 15:27:04;0.00;0;1;0;61;61;55.671214;12.583688;55.671215;12.583689
Non_Customer;793664;WBY1Z21040V307905;I3;No;9326862560;Private;27.08.2015 15:26:27;27.08.2015 15:27:30;0.00;0;1;1;87;87;55.692118;12.618981;55.692117;12.618982
Non_Customer;793664;WBY1Z21080V308197;I3;No;9326862706;Private;27.08.2015 15:29:30;27.08.2015 15:30:44;0.00;0;1;1;89;89;55.692130;12.619997;55.691911;12.620255
Customer;790044;WBY1Z21010V307960;I3;No;9326862942;Private;27.08.2015 15:39:41;27.08.2015 16:48:26;0.00;20;1;0;61;46;55.671216;12.583689;55.630232;12.651193
Customer;500480;WBY1Z21010V307960;I3;Yes;9326862996;Business;27.08.2015 15:32:09;27.08.2015 15:38:37;0.00;0;1;0;61;61;55.671215;12.583689;55.671216;12.583689
Non_Customer;793664;WBY1Z21010V307988;I3;No;9326863032;Private;27.08.2015 15:34:03;27.08.2015 15:34:50;0.00;0;1;2;79;79;55.692309;12.619044;55.692283;12.619183
Non_Customer;793664;WBY1Z21000V307741;I3;No;9326863606;Private;27.08.2015 15:48:02;27.08.2015 15:48:41;0.00;0;1;0;74;74;55.692296;12.619111;55.692280;12.619200
Non_Customer;793664;WBY1Z21080V308250;I3;No;9326863696;Private;27.08.2015 15:51:58;27.08.2015 15:53:09;0.00;0;1;1;86;86;55.692248;12.619004;55.692243;12.619021
Non_Customer;793664;WBY1Z21030V307944;I3;No;9326864048;Private;27.08.2015 16:07:40;27.08.2015 16:08:19;0.00;0;1;3;80;80;55.437548;11.813088;55.437571;11.813062
Non_Customer;793664;WBY1Z21010V307893;I3;No;9326864397;Private;27.08.2015 16:11:03;27.08.2015 16:11:53;0.00;0;1;1;84;84;55.692210;12.619051;55.692214;12.619028
Non_Customer;793664;WBY1Z21000V308002;I3;No;9326865031;Private;27.08.2015 16:29:14;27.08.2015 16:30:07;0.00;0;1;1;80;80;55.692308;12.619050;55.692308;12.619049
Non_Customer;793664;WBY1Z21050V307783;I3;No;9326865198;Private;27.08.2015 16:32:20;27.08.2015 16:33:02;0.00;0;1;1;87;87;55.692324;12.618964;55.692301;12.619089
Non_Customer;793664;WBY1Z21010V308252;I3;No;9326865464;Private;27.08.2015 16:35:10;27.08.2015 16:35:54;0.00;0;1;1;83;83;55.692177;12.618844;55.692148;12.618986
Non_Customer;793664;WBY1Z21040V307855;I3;No;9326866182;Private;27.08.2015 16:53:13;27.08.2015 16:53:48;0.00;0;1;0;91;91;55.692105;12.618949;55.692105;12.618949
Non_Customer;793664;WBY1Z21050V308285;I3;No;9326867025;Private;27.08.2015 17:07:14;27.08.2015 17:08:03;0.00;0;1;0;76;76;55.691989;12.618964;55.691989;12.618964
Customer;790044;WBY1Z21010V307960;I3;No;9326867950;Private;27.08.2015 17:32:42;27.08.2015 17:35:59;0.00;0;1;0;39;39;55.671121;12.583600;55.671122;12.583601
Non_Customer;793664;WBY1Z21010V307795;I3;No;9326868196;Private;27.08.2015 17:29:06;27.08.2015 17:29:42;0.00;0;1;1;94;94;55.437787;11.814836;55.437787;11.814836
Non_Customer;793664;WBY1Z21050V307833;I3;No;9326868501;Private;27.08.2015 17:39:34;27.08.2015 17:40:19;0.00;0;1;1;82;82;55.691994;12.618684;55.691964;12.618811
Non_Customer;793664;WBY1Z210X0V307813;I3;No;9326868584;Private;27.08.2015 17:42:12;27.08.2015 17:43:16;0.00;1;1;1;96;96;55.692011;12.618723;55.692011;12.618724
Customer;500480;WBY1Z21010V307960;I3;Yes;9326870788;Private;27.08.2015 18:20:20;27.08.2015 18:23:35;0.00;0;1;0;39;38;55.671122;12.583601;55.671123;12.583601
Non_Customer;793664;WBY1Z21060V308182;I3;No;9326870992;Private;27.08.2015 18:28:21;27.08.2015 18:28:23;0.00;0;1;19;95;95;55.437764;11.814876;55.437764;11.814876
Customer;500480;WBY1Z21010V307960;I3;Yes;9326877777;Private;27.08.2015 21:22:25;28.08.2015 07:18:40;0.00;16;1;0;25;99;55.671123;12.583601;55.671246;12.583719
Customer;797135;WBY1Z21010V307960;I3;No;9326888458;Business;28.08.2015 08:35:09;28.08.2015 08:56:35;0.00;9;1;0;99;94;55.671246;12.583719;55.630233;12.651213
Customer;500480;WBY1Z21010V307960;I3;Yes;9326892121;Business;28.08.2015 09:27:51;28.08.2015 10:00:28;0.00;15;1;0;90;78;55.638536;12.603745;55.670997;12.583482
Non_Customer;793665;WBY1Z21070V307915;I3;No;9326898915;Private;28.08.2015 11:49:58;28.08.2015 11:50:42;0.00;0;1;1;90;90;55.692169;12.618388;55.692102;12.618878
Non_Customer;793665;WBY1Z210X0V307746;I3;No;9326899232;Private;28.08.2015 11:47:01;28.08.2015 11:47:57;0.00;0;1;1;80;80;55.691951;12.618142;55.692065;12.618977
Non_Customer;793665;WBY1Z210X0V308220;I3;No;9326899503;Private;28.08.2015 11:55:43;28.08.2015 11:56:32;0.00;0;1;1;78;78;55.692206;12.619593;55.692207;12.619586
Non_Customer;793665;WBY1Z21000V308209;I3;No;9326899579;Private;28.08.2015 11:52:41;28.08.2015 11:53:17;0.00;0;1;0;82;82;55.692392;12.618603;55.692310;12.619039
Non_Customer;793665;WBY1Z21070V307929;I3;No;9326899952;Private;28.08.2015 11:59:17;28.08.2015 12:00:10;0.00;0;1;1;88;88;55.692175;12.618775;55.692312;12.619027
Non_Customer;793665;WBY1Z21010V308073;I3;No;9326900062;Private;28.08.2015 12:02:11;28.08.2015 12:02:54;0.00;0;1;0;81;81;55.692275;12.619226;55.692137;12.619130
Non_Customer;793665;WBY1Z210X0V308007;I3;No;9326900317;Private;28.08.2015 12:07:44;28.08.2015 12:08:22;0.00;0;1;1;77;77;55.692307;12.619055;55.692228;12.618991
Non_Customer;793665;WBY1Z21010V307912;I3;No;9326900458;Private;28.08.2015 12:04:44;28.08.2015 12:05:29;0.00;0;1;1;86;86;55.692223;12.618889;55.692250;12.618722
Non_Customer;793665;WBY1Z21010V308039;I3;No;9326900666;Private;28.08.2015 12:10:16;28.08.2015 12:11:36;0.00;0;1;1;79;79;55.437536;11.813132;55.437521;11.813179
Non_Customer;793665;WBY1Z21090V308273;I3;No;9326901052;Private;28.08.2015 12:13:30;28.08.2015 12:14:28;0.00;0;1;0;87;87;55.692312;12.619028;55.692312;12.619028
Non_Customer;793665;WBY1Z21020V307952;I3;No;9326901148;Private;28.08.2015 12:16:34;28.08.2015 12:17:11;0.00;0;1;1;89;89;55.692245;12.618895;55.692251;12.618864
Non_Customer;793665;WBY1Z21090V307737;I3;No;9326901217;Private;28.08.2015 12:19:01;28.08.2015 12:19:48;0.00;0;1;0;86;86;55.437375;11.813861;55.437388;11.813908
Non_Customer;793665;WBY1Z21080V308104;I3;No;9326901598;Private;28.08.2015 12:30:11;28.08.2015 12:32:10;0.00;0;1;1;99;99;55.692187;12.618698;55.692166;12.618805
Non_Customer;793665;WBY1Z21090V308046;I3;No;9326901656;Private;28.08.2015 12:23:00;28.08.2015 12:23:38;0.00;0;1;2;87;87;55.692332;12.618923;55.692333;12.618920
Non_Customer;793665;WBY1Z21060V308148;I3;No;9326901741;Private;28.08.2015 12:25:32;28.08.2015 12:27:35;0.00;0;1;0;88;87;55.692234;12.618777;55.692234;12.618777
Non_Customer;793665;WBY1Z21080V308135;I3;No;9326902036;Private;28.08.2015 12:34:16;28.08.2015 12:34:58;0.00;0;1;1;80;80;55.437763;11.814567;55.437916;11.814573
Non_Customer;793665;WBY1Z21090V307902;I3;No;9326902141;Private;28.08.2015 12:37:11;28.08.2015 12:37:58;0.00;0;1;1;84;84;55.692189;12.618692;55.692133;12.618967
Non_Customer;793665;WBY1Z21070V308210; ;No;9326902412;Private;28.08.2015 12:39:56;28.08.2015 12:40:39;0.00;0;1;1;80;80;55.692149;12.618631;55.692168;12.618544
Non_Customer;793665;WBY1Z21040V307922;I3;No;9326903530;Private;28.08.2015 13:03:41;28.08.2015 13:03:43;0.00;0;1;19;84;84;55.692092;12.618664;55.692360;12.618775
Customer;797135;WBY1Z21010V307960;I3;No;9326904418;Private;28.08.2015 13:16:56;28.08.2015 13:38:39;0.00;8;1;0;78;73;55.671238;12.583711;55.616615;12.592633
Non_Customer;793665;WBY1Z210X0V307858;I3;No;9326905494;Private;28.08.2015 13:42:02;28.08.2015 13:42:47;0.00;0;1;1;85;85;55.691939;12.618062;55.691939;12.618062
Customer;797135;WBY1Z21010V307960;I3;No;9326905903;Business;28.08.2015 13:46:32;28.08.2015 16:23:04;0.00;18;1;0;73;61;55.616614;12.592633;55.620181;12.592229
Non_Customer;793665;WBY1Z21080V307972;I3;No;9326906057;Private;28.08.2015 13:52:07;28.08.2015 13:52:39;0.00;0;1;2;88;88;55.691357;12.623371;55.691356;12.623380
Non_Customer;793660;WBY1Z210X0V308203;I3;No;9326906914;Private;28.08.2015 14:11:30;28.08.2015 14:14:05;0.00;0;1;3;68;68;55.691954;12.618552;55.691953;12.618553
Non_Customer;793665;WBY1Z210X0V307942;I3;No;9326908999;Private;28.08.2015 14:53:23;28.08.2015 14:53:58;0.00;0;1;0;78;78;55.692016;12.618245;55.692032;12.618561
Non_Customer;793665;WBY1Z210X0V308010;I3;No;9326909496;Private;28.08.2015 14:59:44;28.08.2015 15:00:23;0.00;0;1;1;89;89;55.691818;12.618851;55.691817;12.618854
Non_Customer;793665;WBY1Z21070V308238;I3;No;9326909675;Private;28.08.2015 15:05:01;28.08.2015 15:05:51;0.00;1;1;1;92;92;55.692191;12.619184;55.692116;12.618743
Non_Customer;793665;WBY1Z21010V307862;I3;No;9326909892;Private;28.08.2015 15:07:36;28.08.2015 15:08:19;0.00;0;1;0;99;99;55.437895;11.814787;55.437975;11.814957
Non_Customer;793665;WBY1Z21020V307921;I3;No;9326909957;Private;28.08.2015 15:09:55;28.08.2015 15:10:45;0.00;1;1;1;84;84;55.692247;12.618077;55.692174;12.618568
Non_Customer;793665;WBY1Z21000V308260;I3;No;9326910023;Private;28.08.2015 15:12:30;28.08.2015 15:13:31;0.00;0;1;1;79;79;55.692338;12.618891;55.692290;12.619144
Non_Customer;793665;WBY1Z21080V308006;I3;No;9326910757;Private;28.08.2015 15:21:01;28.08.2015 15:21:56;0.00;0;1;1;82;82;55.692275;12.618323;55.692279;12.618306
Non_Customer;793665;WBY1Z21000V307738;I3;No;9326910828;Private;28.08.2015 15:23:29;28.08.2015 15:24:15;0.00;0;1;0;77;77;55.692348;12.618837;55.692361;12.618769
Non_Customer;793665;WBY1Z21060V307842;I3;No;9326910931;Private;28.08.2015 15:26:53;28.08.2015 15:26:54;0.00;0;1;103;87;87;55.692014;12.618615;55.691992;12.618741
Non_Customer;793660;WBY1Z210X0V308041;I3;No;9326911326;Private;28.08.2015 15:30:08;28.08.2015 15:35:23;0.00;0;1;1;78;78;55.692250;12.618889;55.692253;12.618867
Non_Customer;793660;WBY1Z21080V308071;I3;No;9326911545;Private;28.08.2015 15:37:35;28.08.2015 15:38:17;0.00;0;1;0;79;79;55.692288;12.618814;55.692293;12.618790
Non_Customer;793660;WBY1Z21090V308080;I3;No;9326911631;Private;28.08.2015 15:40:39;28.08.2015 15:41:27;0.00;0;1;1;79;78;55.692255;12.619332;55.692258;12.619318
Non_Customer;793665;WBY1Z21040V307998;I3;No;9326911700;Private;28.08.2015 15:42:36;28.08.2015 15:42:38;0.00;0;1;17;79;79;55.691905;12.620399;55.691124;12.623906
Non_Customer;793660;WBY1Z21060V307971;I3;No;9326911714;Private;28.08.2015 15:43:15;28.08.2015 15:44:02;0.00;0;1;1;86;86;0.000000;0.000000;55.692290;12.618741
Non_Customer;793660;WBY1Z21030V308253;I3;No;9326911784;Private;28.08.2015 15:45:54;28.08.2015 15:46:44;0.00;0;1;1;76;76;55.692356;12.618793;55.692366;12.618741
Non_Customer;793660;WBY1Z21050V308223;I3;No;9326912816;Private;28.08.2015 16:01:42;28.08.2015 16:52:01;0.00;0;1;1;82;81;55.692356;12.618797;55.692356;12.618795
Customer;797135;WBY1Z21010V307960;I3;No;9326916068;Private;28.08.2015 16:59:10;28.08.2015 19:04:56;0.00;5;1;0;54;49;55.660026;12.593083;55.671201;12.583675
Non_Customer;793660;WBY1Z21010V308168;I3;No;9326916096;Private;28.08.2015 17:00:13;28.08.2015 17:04:30;0.00;0;1;7;96;96;55.692356;12.618793;55.692360;12.618771
Non_Customer;793660;WBY1Z210X0V307830;I3;No;9326916313;Private;28.08.2015 17:06:27;28.08.2015 17:14:07;0.00;0;1;1;81;81;55.692347;12.618842;55.692347;12.618844
Non_Customer;793660;WBY1Z21030V307846;I3;No;9326917059;Private;28.08.2015 17:15:43;28.08.2015 17:18:50;0.00;0;1;1;99;99;55.692193;12.620399;55.689931;12.648324
Non_Customer;793665;WBY1Z21030V308043;I3;No;9326917200;Private;28.08.2015 17:20:12;28.08.2015 17:20:55;0.00;0;1;1;91;91;55.692139;12.617558;55.692139;12.617558
Non_Customer;793665;WBY1Z210X0V307892;I3;No;9326917563;Private;28.08.2015 17:22:33;28.08.2015 17:23:14;0.00;0;1;1;86;86;55.692383;12.618649;55.692369;12.618728
Non_Customer;793665;WBY1Z21060V308263;I3;No;9326917626;Private;28.08.2015 17:25:15;28.08.2015 17:25:52;0.00;0;1;1;84;84;55.691979;12.619204;55.691872;12.621367
Non_Customer;793665;WBY1Z21080V308216;I3;No;9326917917;Private;28.08.2015 17:28:37;28.08.2015 17:29:27;0.00;0;1;1;97;97;55.691991;12.617934;55.692016;12.617798
Non_Customer;793665;WBY1Z21030V307796;I3;No;9326918041;Private;28.08.2015 17:31:22;28.08.2015 17:32:16;0.00;0;1;1;84;84;55.692023;12.618374;55.692023;12.618601
Non_Customer;793660;WBY1Z21040V307886;I3;No;9326918367;Private;28.08.2015 17:43:13;28.08.2015 17:43:54;0.00;0;1;0;94;94;55.692078;12.618207;55.692054;12.618460
Non_Customer;793665;WBY1Z21060V307873;I3;No;9326918453;Private;28.08.2015 17:35:10;28.08.2015 17:37:42;0.00;0;1;2;98;98;55.691879;12.619710;55.689912;12.632506
Non_Customer;793664;WBY1Z21030V307927;I3;No;9326918591;Private;28.08.2015 17:39:29;28.08.2015 17:40:38;0.00;0;1;1;88;88;55.691772;12.619952;55.687665;12.631287
Non_Customer;793660;WBY1Z21070V308028;I3;No;9326918817;Private;28.08.2015 17:45:57;28.08.2015 17:46:34;0.00;1;1;1;83;83;55.692118;12.618458;55.691834;12.618765
Non_Customer;793660;WBY1Z21010V308140;I3;No;9326918928;Private;28.08.2015 17:49:00;28.08.2015 17:49:47;0.00;0;1;1;82;82;55.692200;12.617468;55.691862;12.618616
Non_Customer;793660;WBY1Z21040V307970;I3;No;9326919353;Private;28.08.2015 17:52:55;28.08.2015 17:53:38;0.00;1;1;1;99;99;55.692242;12.617615;55.691870;12.618572
Customer;797135;WBY1Z21010V307960;I3;No;9326923169;Business;28.08.2015 19:06:36;29.08.2015 12:09:48;0.00;40;1;0;49;22;55.671201;12.583675;55.616577;12.592637
Customer;797135;WBY1Z21010V307960;I3;No;9326949787;Business;29.08.2015 12:12:19;29.08.2015 12:13:02;0.00;0;1;0;22;21;55.616577;12.592637;55.616576;12.592637
Customer;797135;WBY1Z21010V307960;I3;No;9326949864;Business;29.08.2015 12:15:08;29.08.2015 12:36:02;0.00;7;1;0;21;17;55.616576;12.592637;55.671209;12.583683
Customer;797135;WBY1Z21010V307960;I3;No;9326981837;Private;30.08.2015 11:30:19;30.08.2015 12:01:06;0.00;12;1;0;99;94;55.680607;12.568326;55.630229;12.651134
Customer;797135;WBY1Z21010V307960;I3;No;9326983165;Private;30.08.2015 12:06:46;30.08.2015 12:08:12;0.00;0;1;0;94;94;55.630229;12.651134;55.630229;12.651134
Customer;797135;WBY1Z21010V307960;I3;No;9326983251;Private;30.08.2015 12:09:37;30.08.2015 12:11:44;0.00;0;1;0;94;94;55.630229;12.651134;55.630214;12.650864
Non_Customer;793665;WBY1Z21060V308070;I3;No;9326983437;Private;30.08.2015 12:22:11;30.08.2015 12:23:33;0.00;0;1;2;85;85;55.691989;12.618481;55.691995;12.618452
Customer;797135;WBY1Z21010V307960;I3;No;9326983577;Private;30.08.2015 12:13:21;30.08.2015 16:04:32;0.00;28;1;0;77;92;55.630214;12.650864;55.680646;12.568377
Non_Customer;793660;WBY1Z21010V307943;I3;No;9326983726;Private;30.08.2015 12:21:21;30.08.2015 12:22:18;0.00;0;1;0;83;83;55.692214;12.617388;55.692031;12.618340
Non_Customer;793665;WBY1Z21000V308257;I3;No;9326983798;Private;30.08.2015 12:25:31;30.08.2015 12:25:58;0.00;0;1;1;95;95;55.692098;12.618121;55.692053;12.618469
Non_Customer;793660;WBY1Z21050V308142;I3;No;9326983957;Private;30.08.2015 12:35:24;30.08.2015 12:35:56;0.00;0;1;0;81;81;55.692107;12.618114;55.692136;12.618364
Non_Customer;793660;WBY1Z21060V308201;I3;No;9326984003;Private;30.08.2015 12:37:54;30.08.2015 12:38:44;0.00;0;1;0;75;75;55.437605;11.815411;55.437688;11.815862
Non_Customer;793660;WBY1Z21060V308019;I3;No;9326984159;Private;30.08.2015 12:28:45;30.08.2015 12:30:09;0.00;0;1;0;83;83;55.692261;12.617423;55.692320;12.617763
Non_Customer;793660;WBY1Z210X0V307973;I3;No;9326984314;Private;30.08.2015 12:40:41;30.08.2015 12:42:42;0.00;0;1;0;92;92;55.692568;12.617671;55.691897;12.618428
Non_Customer;793660;WBY1Z21060V307923;I3;No;9326984374;Private;30.08.2015 12:44:54;30.08.2015 12:45:38;0.00;0;1;1;82;82;55.692078;12.617473;55.692145;12.617315
Non_Customer;793665;WBY1Z21020V308132;I3;No;9326984443;Private;30.08.2015 12:50:36;30.08.2015 12:51:30;0.00;0;1;0;88;88;55.692206;12.618036;55.692199;12.618116
Non_Customer;793660;WBY1Z210X0V308251;I3;No;9326984446;Private;30.08.2015 12:50:14;30.08.2015 12:51:21;0.00;0;1;0;83;83;55.692143;12.618365;55.692127;12.618556
Non_Customer;793660;WBY1Z21050V307847;I3;No;9326984480;Private;30.08.2015 12:47:29;30.08.2015 12:48:19;0.00;0;1;1;94;94;55.692059;12.617574;55.692506;12.616008
Non_Customer;793665;WBY1Z21080V307910;I3;No;9326984807;Private;30.08.2015 12:55:02;30.08.2015 12:56:03;0.00;0;1;1;80;80;55.692265;12.619459;55.692139;12.618565
Non_Customer;793665;WBY1Z21030V307832;I3;No;9326984849;Private;30.08.2015 12:57:54;30.08.2015 13:01:20;0.00;0;1;0;98;98;55.694548;12.622367;55.695036;12.624073
Non_Customer;793665;WBY1Z21020V307871;I3;No;9326985036;Private;30.08.2015 13:13:00;30.08.2015 13:16:28;0.00;0;1;1;84;84;55.690681;12.626315;55.690689;12.626277
Non_Customer;793665;WBY1Z21000V308226;I3;No;9326985070;Private;30.08.2015 13:02:49;30.08.2015 13:04:54;0.00;0;1;0;95;95;55.690140;12.621799;55.686548;12.648834
Non_Customer;793660;WBY1Z21020V308258;I3;No;9326985122;Private;30.08.2015 13:05:44;30.08.2015 13:06:36;0.00;0;1;13;93;93;55.692166;12.618301;55.692155;12.618508
Non_Customer;793665;WBY1Z21070V307834;I3;No;9326985147;Private;30.08.2015 13:07:08;30.08.2015 13:07:56;0.00;0;1;1;99;99;55.692267;12.618499;55.692236;12.618677
Non_Customer;793660;WBY1Z21020V307899;I3;No;9326985181;Private;30.08.2015 13:08:34;30.08.2015 13:09:10;0.00;1;1;1;79;79;55.692286;12.617829;55.692187;12.618420
Non_Customer;793665;WBY1Z210X0V308069;I3;No;9326985228;Private;30.08.2015 13:10:47;30.08.2015 13:11:20;0.00;0;1;1;97;97;0.000000;0.000000;55.692225;12.618659
Non_Customer;793660;WBY1Z21080V308040;I3;No;9326985231;Private;30.08.2015 13:11:01;30.08.2015 13:11:43;0.00;0;1;0;94;94;55.692303;12.618045;55.692287;12.618134
Non_Customer;793665;WBY1Z21090V308029;I3;No;9326985684;Private;30.08.2015 13:20:26;30.08.2015 13:21:03;0.00;0;1;2;81;81;55.692370;12.618718;55.692390;12.618612
Non_Customer;793665;WBY1Z21040V308049;I3;No;9326985718;Private;30.08.2015 13:22:51;30.08.2015 13:33:36;0.00;0;1;0;82;82;55.691338;12.631415;55.691345;12.631384
Non_Customer;793660;WBY1Z21010V308137;I3;No;9326985803;Private;30.08.2015 13:28:02;30.08.2015 13:29:12;0.00;0;1;0;84;84;55.692378;12.618677;55.692279;12.618604
Non_Customer;793664;WBY1Z21000V308095;I3;No;9326985839;Private;30.08.2015 13:29:21;30.08.2015 13:29:57;0.00;1;1;1;87;87;55.692849;12.618827;55.692820;12.618850
Non_Customer;793660;WBY1Z21000V308145;I3;No;9326985853;Private;30.08.2015 13:30:16;30.08.2015 13:31:35;0.00;0;1;0;93;93;55.692410;12.618506;55.692377;12.618683
Non_Customer;793660;WBY1Z21060V308232;I3;No;9326985899;Private;30.08.2015 13:33:19;30.08.2015 13:34:00;0.00;0;1;0;82;82;55.692398;12.618574;55.692398;12.618574
Non_Customer;793664;WBY1Z21080V308202;I3;No;9326986205;Private;30.08.2015 13:54:52;30.08.2015 13:55:16;0.00;0;1;2;93;93;55.692746;12.616138;55.692746;12.616138
Non_Customer;793660;WBY1Z21070V308045;I3;No;9326986260;Private;30.08.2015 13:37:35;30.08.2015 13:38:20;0.00;0;1;0;87;87;55.692311;12.618504;55.692317;12.618468
Non_Customer;793660;WBY1Z21020V308101;I3;No;9326986419;Private;30.08.2015 13:46:41;30.08.2015 13:47:24;0.00;0;1;0;85;85;55.692415;12.618398;55.692421;12.618297
Non_Customer;793664;WBY1Z21080V308202;I3;No;9326986485;Private;30.08.2015 13:49:10;30.08.2015 13:51:26;0.00;0;1;1;94;93;55.692747;12.616136;55.692746;12.616138
Non_Customer;793660;WBY1Z210X0V307925;I3;No;9326986490;Private;30.08.2015 13:49:23;30.08.2015 13:50:01;0.00;0;1;0;87;87;55.691396;12.622691;55.691398;12.622680
Non_Customer;793664;WBY1Z21000V307903;I3;No;9326986641;Private;30.08.2015 13:58:30;30.08.2015 14:07:03;0.00;0;1;1;79;78;55.436938;11.813207;55.436938;11.813207
Non_Customer;793665;WBY1Z21040V307936;I3;No;9326986783;Private;30.08.2015 14:05:46;30.08.2015 14:06:18;0.00;0;1;1;85;85;55.692205;12.617435;55.692064;12.617916
Non_Customer;793665;WBY1Z21020V307966;I3;No;9326987005;Private;30.08.2015 14:08:27;30.08.2015 14:09:36;0.00;0;1;1;78;78;55.437541;11.814584;55.437681;11.814788
Non_Customer;793664;WBY1Z21000V307903;I3;No;9326987015;Private;30.08.2015 14:09:21;30.08.2015 14:10:29;0.00;0;1;0;78;78;55.436938;11.813207;55.436937;11.813207
Non_Customer;793665;WBY1Z21050V308030;I3;No;9326987089;Private;30.08.2015 14:14:32;30.08.2015 14:15:05;0.00;0;1;0;95;95;55.692032;12.618656;55.692044;12.618612
Non_Customer;793665;WBY1Z21080V307843;I3;No;9326987209;Private;30.08.2015 14:12:27;30.08.2015 14:13:02;0.00;0;1;0;86;86;55.692168;12.618361;55.692168;12.618363
Non_Customer;793665;WBY1Z21030V307877;I3;No;9326987498;Private;30.08.2015 14:22:11;30.08.2015 14:22:43;0.00;1;1;0;81;81;55.692174;12.618168;55.692133;12.618498
Non_Customer;793665;WBY1Z21040V308018;I3;No;9326987524;Private;30.08.2015 14:24:38;30.08.2015 14:25:09;0.00;0;1;1;83;83;55.692188;12.618204;55.692146;12.618651
Non_Customer;793665;WBY1Z21070V307932;I3;No;9326987590;Private;30.08.2015 14:29:58;30.08.2015 14:30:35;0.00;0;1;1;95;95;55.692237;12.618215;55.692232;12.618248
Non_Customer;793665;WBY1Z21060V308179; ;No;9326987770;Private;30.08.2015 14:26:52;30.08.2015 14:27:24;0.00;0;1;1;95;95;55.692167;12.618200;55.692142;12.618286
Non_Customer;793665;WBY1Z21020V308261;I3;No;9326987882;Private;30.08.2015 14:33:03;30.08.2015 14:33:37;0.00;0;1;1;97;97;55.692254;12.619335;55.692112;12.619071
Non_Customer;793660;WBY1Z210X0V308234;I3;No;9326987899;Private;30.08.2015 14:34:10;30.08.2015 14:35:04;0.00;0;1;43;89;89;55.692401;12.618558;55.692410;12.618506
Non_Customer;793665;WBY1Z21010V308249;I3;No;9326987917;Private;30.08.2015 14:35:36;30.08.2015 14:36:38;0.00;0;1;1;94;94;55.692256;12.618129;55.692221;12.618281
Non_Customer;793660;WBY1Z21080V307793;I3;No;9326987944;Private;30.08.2015 14:37:24;30.08.2015 14:40:26;0.00;0;1;1;82;82;55.691644;12.626479;55.692482;12.618126
Non_Customer;793661;WBY1Z21060V308246;I3;No;9326987969;Private;30.08.2015 14:38:11;30.08.2015 14:38:55;0.00;0;1;1;85;85;55.692167;12.617832;55.692167;12.617832
Non_Customer;793661;WBY1Z21020V308163;I3;No;9326988037;Private;30.08.2015 14:42:25;30.08.2015 14:44:07;0.00;0;1;1;87;87;55.692101;12.618053;55.692126;12.618425
Non_Customer;793660;WBY1Z21040V307967;I3;No;9326988052;Private;30.08.2015 14:41:58;30.08.2015 14:42:37;0.00;0;1;0;79;79;55.437138;11.813603;55.437151;11.813658
Non_Customer;793661;WBY1Z21020V308034;I3;No;9326988141;Private;30.08.2015 14:47:30;30.08.2015 14:48:31;0.00;0;1;2;93;93;55.692145;12.617976;55.692085;12.618389
Non_Customer;793661;WBY1Z21000V308064;I3;No;9326988500;Private;30.08.2015 14:51:47;30.08.2015 14:53:08;0.00;0;1;1;95;95;55.437249;11.814848;55.437229;11.815223
Non_Customer;793665;WBY1Z21000V308212;I3;No;9326988505;Private;30.08.2015 14:52:01;30.08.2015 15:14:59;0.00;0;1;0;98;0;55.693379;12.626819;0.000000;0.000000
Non_Customer;793661;WBY1Z21070V308093;I3;No;9326988593;Private;30.08.2015 14:55:51;30.08.2015 14:56:45;0.00;0;1;1;96;96;55.692199;12.617898;55.692171;12.618335
Non_Customer;793661;WBY1Z21060V308098;I3;No;9326988710;Private;30.08.2015 15:02:49;30.08.2015 15:03:38;0.00;0;1;0;93;93;55.437388;11.814233;55.437349;11.813864
Non_Customer;793661;WBY1Z21010V307814;I3;No;9326988796;Private;30.08.2015 15:08:27;30.08.2015 15:11:33;0.00;0;1;1;76;76;55.692196;12.618153;55.692170;12.618424
Non_Customer;793660;WBY1Z21040V308231;I3;No;9326988854;Private;30.08.2015 15:11:18;30.08.2015 15:11:48;0.00;0;1;0;74;74;55.692425;12.618427;55.692437;12.618362
Non_Customer;793661;WBY1Z21020V308275;I3;No;9326988892;Private;30.08.2015 15:13:16;30.08.2015 15:20:53;0.00;0;1;1;96;96;55.690125;12.634384;55.689956;12.635541
Non_Customer;793660;WBY1Z21010V308042;I3;No;9326988899;Private;30.08.2015 15:13:38;30.08.2015 15:14:10;0.00;0;1;1;79;79;55.692419;12.618459;55.692307;12.618378
Non_Customer;793665;WBY1Z21000V308212;I3;No;9326988926;Private;30.08.2015 15:15:35;30.08.2015 15:16:37;0.00;0;1;0;98;98;55.693380;12.626828;55.693380;12.626836
Non_Customer;793665;WBY1Z21050V307993;I3;No;9326989193;Private;30.08.2015 15:21:17;30.08.2015 15:21:51;0.00;0;1;0;79;79;55.437496;11.815968;55.437496;11.815964
Non_Customer;793665;WBY1Z21050V308108;I3;No;9326989248;Private;30.08.2015 15:24:40;30.08.2015 15:25:14;0.00;0;1;1;92;92;55.692459;12.618247;55.692349;12.618187
Non_Customer;793660;WBY1Z21070V308062;I3;No;9326989251;Private;30.08.2015 15:17:05;30.08.2015 15:17:37;0.00;0;1;0;94;94;55.692313;12.618141;55.692313;12.618141
Non_Customer;793665;WBY1Z210X0V308055;I3;No;9326989296;Private;30.08.2015 15:19:12;30.08.2015 15:19:43;0.00;0;1;0;81;81;55.692397;12.618309;55.692420;12.618186
Non_Customer;793660;WBY1Z21040V308245;I3;No;9326989313;Private;30.08.2015 15:20:09;30.08.2015 15:20:49;0.00;0;1;0;97;97;55.692190;12.617850;55.692108;12.617915
Non_Customer;793661;WBY1Z21020V307904;I3;No;9326989379;Private;30.08.2015 15:22:50;30.08.2015 15:24:42;0.00;0;1;1;98;98;55.691226;12.619596;55.685740;12.641023
Non_Customer;793660;WBY1Z21000V307786;I3;No;9326989386;Private;30.08.2015 15:23:03;30.08.2015 15:25:11;0.00;0;1;0;81;81;55.692263;12.617602;55.691964;12.617975
Non_Customer;793661;WBY1Z21040V308276;I3;No;9326989461;Private;30.08.2015 15:26:24;30.08.2015 15:27:03;0.00;0;1;1;94;94;55.692290;12.618100;55.692303;12.618026
Non_Customer;793660;WBY1Z21060V307811;I3;No;9326989467;Private;30.08.2015 15:26:34;30.08.2015 15:27:18;0.00;0;1;0;85;85;55.692281;12.617680;55.692030;12.618070
Non_Customer;793665;WBY1Z21020V307935;I3;No;9326989481;Private;30.08.2015 15:26:59;30.08.2015 15:27:32;0.00;0;1;0;84;84;55.691409;12.621022;55.691466;12.621062
Non_Customer;793661;WBY1Z21070V308000;I3;No;9326989517;Private;30.08.2015 15:28:32;30.08.2015 15:29:16;0.00;0;1;0;90;90;55.692398;12.618574;55.692273;12.618472
Non_Customer;793665;WBY1Z21070V308059;I3;No;9326989521;Private;30.08.2015 15:29:01;30.08.2015 15:29:37;0.00;0;1;0;88;88;55.692436;12.618367;55.692283;12.618256
Non_Customer;793660;WBY1Z21010V307781;I3;No;9326989523;Private;30.08.2015 15:29:06;30.08.2015 15:29:48;0.00;0;1;0;92;92;55.692212;12.618077;55.692196;12.618262
Non_Customer;793661;WBY1Z21070V307994;I3;No;9326989636;Private;30.08.2015 15:32:35;30.08.2015 15:35:58;0.00;0;1;0;95;94;55.692364;12.618408;55.692364;12.618408
Non_Customer;793665;WBY1Z21000V308100;I3;No;9326989658;Private;30.08.2015 15:34:21;30.08.2015 15:35:19;0.00;0;1;0;99;98;55.437796;11.816555;55.437780;11.817171
Non_Customer;793661;WBY1Z21060V307999;I3;No;9326989684;Private;30.08.2015 15:36:56;30.08.2015 15:37:36;0.00;0;1;0;56;56;55.692529;12.617876;55.692377;12.617792
Non_Customer;793665;WBY1Z21090V308144;I3;No;9326989776;Private;30.08.2015 15:43:54;30.08.2015 15:44:37;0.00;0;1;3;85;85;55.692393;12.617593;55.692189;12.618125
Non_Customer;793660;WBY1Z21030V307930;I3;No;9326989798;Private;30.08.2015 15:45:27;30.08.2015 15:53:54;0.00;0;1;5;82;82;55.692123;12.618113;55.692099;12.618383
Non_Customer;793661;WBY1Z21030V307894;I3;No;9326989802;Private;30.08.2015 15:45:40;30.08.2015 15:46:26;0.00;0;1;0;75;75;55.692065;12.618470;55.692090;12.617883
Non_Customer;793665;WBY1Z21030V308222;I3;No;9326989864;Private;30.08.2015 15:31:21;30.08.2015 15:31:58;0.00;0;1;1;87;87;55.692191;12.619710;55.692002;12.620843
Non_Customer;793660;WBY1Z21030V308110;0;No;9326989958;Private;30.08.2015 15:36:36;30.08.2015 15:39:26;0.00;0;1;1;82;81;55.692086;12.621318;55.689941;12.633436
Non_Customer;793661;WBY1Z21090V308127;I3;No;9326989996;Private;30.08.2015 15:39:04;30.08.2015 15:39:47;0.00;0;1;0;76;76;55.692314;12.618302;55.692314;12.618303
Non_Customer;793661;WBY1Z21020V308079;I3;No;9326990038;Private;30.08.2015 15:41:03;30.08.2015 15:41:41;0.00;0;1;0;75;75;55.692286;12.618657;55.692286;12.618659
Non_Customer;793664;WBY1Z21040V308178;I3;No;9326990145;Private;30.08.2015 15:47:41;30.08.2015 15:50:09;0.00;0;1;1;95;95;55.691474;12.620663;55.688423;12.637818
Non_Customer;793665;WBY1Z21090V307897;I3;No;9326990151;Private;30.08.2015 15:47:53;30.08.2015 15:48:31;0.00;0;1;0;99;99;55.692236;12.617910;55.692228;12.618056
Non_Customer;793661;WBY1Z21070V308241;I3;No;9326990162;Private;30.08.2015 15:48:27;30.08.2015 15:48:57;0.00;0;1;1;92;92;55.690868;12.621550;55.690855;12.621631
Non_Customer;793661;WBY1Z21010V308185;I3;No;9326990209;Private;30.08.2015 15:50:51;30.08.2015 15:51:57;0.00;1;1;1;96;96;55.692159;12.617714;55.692083;12.618084
Non_Customer;793661;WBY1Z21060V307940;I3;No;9326990331;Private;30.08.2015 15:57:36;30.08.2015 15:59:17;0.00;1;1;0;94;94;55.692188;12.618616;55.692095;12.620181
Non_Customer;793660;WBY1Z21070V308241;I3;No;9326990371;Private;30.08.2015 16:00:31;30.08.2015 16:00:51;0.00;0;1;1;92;92;55.690855;12.621631;55.690851;12.621640
Non_Customer;793661;WBY1Z21000V307805;I3;No;9326990392;Private;30.08.2015 16:02:08;30.08.2015 16:08:02;0.00;0;1;0;99;98;55.692191;12.617918;55.692177;12.618057
Non_Customer;793661;WBY1Z21020V308065;I3;No;9326990501;Private;30.08.2015 15:54:39;30.08.2015 15:55:25;0.00;0;1;0;76;76;55.692048;12.618229;55.692047;12.618231
Non_Customer;793660;WBY1Z210X0V308038;I3;No;9326990546;Private;30.08.2015 15:57:54;30.08.2015 15:58:19;0.00;0;1;2;92;92;55.692257;12.617379;55.691983;12.618100
Non_Customer;793664;WBY1Z21030V307894;I3;No;9326990574;Private;30.08.2015 15:59:27;30.08.2015 16:00:06;0.00;0;1;0;75;75;55.692090;12.617883;55.692090;12.617883
Non_Customer;793661;WBY1Z21000V307965;I3;No;9326990592;Private;30.08.2015 16:00:42;30.08.2015 16:01:11;0.00;1;1;0;76;76;55.692328;12.617671;55.692417;12.617715
Non_Customer;793660;WBY1Z21090V307804;I3;No;9326990620;Private;30.08.2015 16:02:29;30.08.2015 16:02:52;0.00;1;1;1;82;82;55.691997;12.618636;55.691460;12.621005
Non_Customer;793664;WBY1Z21010V308185;I3;No;9326990621;Private;30.08.2015 16:01:50;30.08.2015 16:02:12;0.00;0;1;0;96;96;55.692083;12.618084;55.692083;12.618085
Non_Customer;793664;WBY1Z21010V307876;I3;No;9326990640;Private;30.08.2015 16:04:18;30.08.2015 16:11:00;0.00;0;1;1;83;82;55.692134;12.618048;55.690426;12.625368
Non_Customer;793660;WBY1Z21070V307896;I3;No;9326990649;Private;30.08.2015 16:04:39;30.08.2015 16:05:01;0.00;0;1;1;87;87;55.692231;12.617842;55.692184;12.618179
Non_Customer;793660;WBY1Z21090V308063;I3;No;9326990689;Private;30.08.2015 16:08:27;30.08.2015 16:25:27;0.00;1;1;2;94;93;55.692234;12.617921;55.692233;12.618049
Non_Customer;793661;WBY1Z210X0V308217;I3;No;9326990807;Private;30.08.2015 16:09:03;30.08.2015 16:10:42;0.00;0;1;0;89;89;55.686847;12.611722;55.686894;12.611685
Non_Customer;793661;WBY1Z21090V307933;I3;No;9326990904;Private;30.08.2015 16:15:15;30.08.2015 16:16:56;0.00;0;1;0;87;87;55.690231;12.632538;55.690199;12.632702
Non_Customer;793661;WBY1Z21020V308048;I3;No;9326991050;Private;30.08.2015 16:11:43;30.08.2015 16:12:11;0.00;0;1;0;95;95;55.692148;12.617708;55.692109;12.617989
Non_Customer;793661;WBY1Z21000V307898;I3;No;9326991068;Private;30.08.2015 16:13:15;30.08.2015 16:13:42;0.00;0;1;0;82;82;55.692013;12.618684;55.692073;12.618044
Non_Customer;793664;WBY1Z21090V307785;I3;No;9326991072;Private;30.08.2015 16:13:22;30.08.2015 16:14:58;0.00;0;1;1;85;85;55.691770;12.630737;55.691202;12.634235
Non_Customer;793664;WBY1Z21050V308254;I3;No;9326991122;Private;30.08.2015 16:17:11;30.08.2015 16:17:54;0.00;0;1;0;82;82;55.692289;12.617782;55.692253;12.617900
Non_Customer;793664;WBY1Z21060V308151;I3;No;9326991153;Private;30.08.2015 16:19:03;30.08.2015 16:19:38;0.00;0;1;0;73;73;55.692335;12.618164;55.692334;12.618165
Non_Customer;793664;WBY1Z21060V307890;I3;No;9326991266;Private;30.08.2015 16:27:56;30.08.2015 16:28:20;0.00;0;1;0;91;91;55.692459;12.618248;55.692459;12.618248
Non_Customer;793660;WBY1Z21010V308090;I3;No;9326991418;Private;30.08.2015 16:28:13;30.08.2015 16:28:41;0.00;0;1;0;95;95;55.692534;12.617773;55.692537;12.617769
Non_Customer;793660;WBY1Z21070V307901;I3;No;9326991458;Private;30.08.2015 16:30:29;30.08.2015 16:53:05;0.00;0;1;1;83;81;55.692454;12.618272;55.692456;12.618266
Non_Customer;793664;WBY1Z21040V307838;I3;No;9326991522;Private;30.08.2015 16:34:00;30.08.2015 16:36:14;0.00;0;1;0;43;44;55.692399;12.617763;55.691799;12.618947
Non_Customer;793664;WBY1Z21060V307968;I3;No;9326991795;Private;30.08.2015 16:45:29;30.08.2015 16:54:57;0.00;0;1;1;85;84;55.692409;12.618154;55.692414;12.618132
Non_Customer;793661;WBY1Z21030V307958;I3;No;9326991796;Private;30.08.2015 16:45:42;30.08.2015 16:55:19;0.00;0;1;1;76;76;55.691734;12.626315;55.691699;12.626441
Non_Customer;793664;WBY1Z21010V308221;I3;No;9326991934;Private;30.08.2015 16:56:54;30.08.2015 16:57:19;0.00;0;1;0;90;90;55.692361;12.618200;55.692361;12.618201
Non_Customer;793661;WBY1Z21090V307866;I3;No;9326991963;Private;30.08.2015 16:22:48;30.08.2015 16:42:19;0.00;11;1;5;0;76;55.692449;12.618301;55.692449;12.618302
Non_Customer;793660;WBY1Z21040V308004;I3;No;9326992214;Private;30.08.2015 16:58:01;30.08.2015 16:58:36;0.00;0;1;1;93;93;55.692407;12.618526;55.692428;12.618413
Non_Customer;793661;WBY1Z210X0V307956;I3;No;9326992269;Private;30.08.2015 16:59:14;30.08.2015 16:59:40;0.00;0;1;2;93;93;55.692484;12.618114;55.692339;12.618117
Non_Customer;793660;WBY1Z21070V307882;I3;No;9326992288;Private;30.08.2015 17:00:33;30.08.2015 17:01:02;0.00;0;1;1;88;88;55.692363;12.617867;55.692326;12.618089
Non_Customer;793661;WBY1Z21000V308243;I3;No;9326992301;Private;30.08.2015 17:01:51;30.08.2015 17:03:28;0.00;0;1;1;89;89;55.629102;12.397103;55.629184;12.396900
Customer;797135;WBY1Z21010V307960;I3;No;9326992399;Private;30.08.2015 17:09:58;30.08.2015 19:23:36;0.00;30;1;0;75;99;55.680646;12.568377;55.680554;12.568259
Non_Customer;793661;WBY1Z21060V307775;I3;No;9326992455;Private;30.08.2015 17:14:13;30.08.2015 17:14:53;0.00;0;1;0;95;95;55.692168;12.617772;55.692138;12.618276
Non_Customer;793660;WBY1Z21000V307917;I3;No;9326992487;Private;30.08.2015 17:15:52;30.08.2015 17:16:58;0.00;0;1;2;90;90;55.489489;12.168486;55.489461;12.168218
Non_Customer;793664;WBY1Z21010V307926;I3;No;9326992500;Private;30.08.2015 17:16:35;30.08.2015 17:17:49;0.00;0;1;1;97;97;55.689921;12.619399;55.687924;12.626843
Non_Customer;793660;WBY1Z21030V308141;I3;No;9326992538;Private;30.08.2015 17:19:06;30.08.2015 17:19:08;0.00;0;1;13;87;87;55.437013;11.816580;55.692139;12.617974
Non_Customer;793660;WBY1Z21020V307837;I3;No;9326992544;Private;30.08.2015 17:19:35;30.08.2015 17:20:01;0.00;0;1;1;85;85;55.692279;12.617980;55.692279;12.617981
Non_Customer;793664;WBY1Z21080V308085;I3;No;9326992555;Private;30.08.2015 17:00:49;30.08.2015 17:01:14;0.00;0;1;1;73;73;55.692053;12.617602;55.692051;12.617616
Non_Customer;793660;WBY1Z21030V308267; ;No;9326992599;Private;30.08.2015 17:03:25;30.08.2015 17:04:35;0.00;0;1;1;82;82;55.623681;12.440108;55.623621;12.440191
Non_Customer;793664;WBY1Z21040V307791;I3;No;9326992619;Private;30.08.2015 17:04:23;30.08.2015 17:05:35;0.00;0;1;2;95;95;55.691947;12.619690;55.691389;12.627469
Non_Customer;793661;WBY1Z21000V307870;I3;No;9326992636;Private;30.08.2015 17:05:43;30.08.2015 17:06:22;0.00;0;1;1;80;80;55.692649;12.617162;55.692286;12.618083
Non_Customer;793664;WBY1Z21090V308225;I3;No;9326992665;Private;30.08.2015 17:07:37;30.08.2015 17:08:05;0.00;0;1;1;83;83;55.692186;12.617644;55.692165;12.617818
Non_Customer;793661;WBY1Z21070V308207;I3;No;9326992675;Private;30.08.2015 17:08:24;30.08.2015 17:09:48;0.00;0;1;1;70;70;55.687436;12.618521;55.683938;12.618209
Non_Customer;793664;WBY1Z21090V307821;I3;No;9326992716;Private;30.08.2015 17:10:20;30.08.2015 17:10:54;0.00;0;1;1;70;70;55.691783;12.619031;55.691772;12.619295
Non_Customer;793661;WBY1Z21020V307949;I3;No;9326992752;Private;30.08.2015 17:12:11;30.08.2015 17:12:41;0.00;0;1;0;72;72;55.691833;12.619715;55.692100;12.617886
Non_Customer;793660;WBY1Z21030V307880;I3;No;9326992756;Private;30.08.2015 17:12:31;30.08.2015 17:12:53;0.00;0;1;1;83;83;55.692208;12.618082;55.692119;12.617853
Non_Customer;793664;WBY1Z21090V307768;I3;No;9326992772;Private;30.08.2015 17:13:47;30.08.2015 17:14:10;0.00;0;1;2;82;82;55.692226;12.617007;55.692055;12.617591
Non_Customer;793661;WBY1Z21070V308160;I3;No;9326992845;Private;30.08.2015 17:18:01;30.08.2015 17:18:37;0.00;0;1;2;95;95;55.691973;12.618029;55.692100;12.620213
Non_Customer;793660;WBY1Z21060V307985;I3;No;9326992945;Private;30.08.2015 17:24:07;30.08.2015 17:25:15;0.00;0;1;3;78;78;55.693257;12.624081;55.693322;12.624599
Non_Customer;793661;WBY1Z21030V308138;I3;No;9326992990;Private;30.08.2015 17:26:09;30.08.2015 17:26:32;0.00;1;1;4;89;89;55.692474;12.618166;55.692376;12.618041
Non_Customer;793660;WBY1Z21020V308177;I3;No;9326993040;Private;30.08.2015 17:29:01;30.08.2015 17:30:09;0.00;0;1;3;82;82;55.693609;12.621382;55.693601;12.621402
Non_Customer;793664;WBY1Z21020V307840;I3;No;9326993054;Private;30.08.2015 17:29:36;30.08.2015 17:30:07;0.00;0;1;0;95;95;55.692448;12.617944;55.692454;12.617914
Non_Customer;793661;WBY1Z21080V307826;I3;No;9326993169;Private;30.08.2015 17:20:58;30.08.2015 17:21:21;0.00;0;1;1;82;82;55.692289;12.618050;55.692305;12.617943
Non_Customer;793664;WBY1Z21000V307755;I3;No;9326993181;Private;30.08.2015 17:22:41;30.08.2015 17:23:08;0.00;0;1;3;72;72;55.692491;12.618074;55.692495;12.618058
Non_Customer;793664;WBY1Z210X0V307827;I3;No;9326993219;Private;30.08.2015 17:27:33;30.08.2015 17:28:02;0.00;1;1;3;82;82;55.692469;12.618196;55.692379;12.618076
Non_Customer;793661;WBY1Z21020V308244;I3;No;9326993302;Private;30.08.2015 17:32:38;30.08.2015 17:37:35;0.00;0;1;5;94;93;55.693390;12.623422;55.693388;12.623455
Non_Customer;793665;WBY1Z21060V308022;I3;No;9326993369;Private;30.08.2015 17:36:30;30.08.2015 17:37:04;0.00;0;1;0;90;90;55.437896;11.815791;55.691957;12.618545
Non_Customer;793665;WBY1Z21000V307867;I3;No;9326993421;Private;30.08.2015 17:39:21;30.08.2015 17:39:52;0.00;0;1;0;85;85;55.692144;12.617446;55.691819;12.618842
Non_Customer;793664;WBY1Z21010V308266;I3;No;9326993442;Private;30.08.2015 17:42:38;30.08.2015 17:44:26;0.00;0;1;2;86;86;55.471348;12.075697;55.471224;12.075340
Non_Customer;793664;WBY1Z21050V308237;I3;No;9326993508;Private;30.08.2015 17:38:50;30.08.2015 17:39:16;0.00;0;1;7;88;88;55.692344;12.618388;55.692351;12.618365
Non_Customer;793660;WBY1Z21080V308023;I3;No;9326993515;Private;30.08.2015 17:39:23;30.08.2015 17:41:25;0.00;0;1;8;87;87;55.693256;12.633868;55.693243;12.633978
Non_Customer;793665;WBY1Z21040V308021;I3;No;9326993538;Private;30.08.2015 17:40:51;30.08.2015 17:41:21;0.00;0;1;0;93;93;55.437915;11.815648;55.691957;12.618483
Non_Customer;793665;WBY1Z21090V307849;I3;No;9326993563;Private;30.08.2015 17:42:22;30.08.2015 17:43:07;0.00;0;1;0;82;82;55.691842;12.618723;55.691956;12.618704
Non_Customer;793660;WBY1Z21050V307931;I3;No;9326993618;Private;30.08.2015 17:45:22;30.08.2015 17:45:59;0.00;0;1;3;91;91;55.692584;12.616611;55.692527;12.617173
Non_Customer;793665;WBY1Z21040V307872;I3;No;9326993626;Private;30.08.2015 17:45:44;30.08.2015 17:46:26;0.00;0;1;0;85;85;55.692004;12.618730;55.692004;12.618730
Non_Customer;793664;WBY1Z21000V308050;I3;No;9326993651;Private;30.08.2015 17:47:03;30.08.2015 17:47:25;0.00;0;1;2;73;73;55.692242;12.617865;55.692250;12.618039
Non_Customer;793661;WBY1Z21000V307772;I3;No;9326993657;Private;30.08.2015 17:47:22;30.08.2015 17:47:53;0.00;0;1;0;89;89;55.692293;12.617719;55.692280;12.617917
Non_Customer;793660;WBY1Z21020V308017;I3;No;9326993685;Private;30.08.2015 17:48:24;30.08.2015 17:48:43;0.00;0;1;1;80;80;55.692307;12.617764;55.692300;12.617887
Non_Customer;793665;WBY1Z21050V307895;I3;No;9326993720;Private;30.08.2015 17:49:40;30.08.2015 17:50:19;0.00;0;1;2;84;84;55.691954;12.618498;55.691900;12.618701
Non_Customer;793664;WBY1Z21070V308272;I3;No;9326993725;Private;30.08.2015 17:49:51;30.08.2015 17:52:17;0.00;0;1;1;79;79;55.692849;12.621237;55.691649;12.640505
Non_Customer;793661;WBY1Z21090V307916;I3;No;9326993780;Private;30.08.2015 17:45:13;30.08.2015 17:45:53;0.00;1;1;0;80;80;55.692490;12.618080;55.692365;12.617963
Non_Customer;793661;WBY1Z21040V308181;I3;No;9326993842;Private;30.08.2015 17:49:45;30.08.2015 17:54:55;0.00;0;1;0;83;83;55.629901;12.411543;55.629893;12.411363
Non_Customer;793665;WBY1Z210X0V307939;I3;No;9326994049;Private;30.08.2015 17:51:19;30.08.2015 17:52:00;0.00;0;1;0;81;81;55.692039;12.618558;55.692058;12.618763
Non_Customer;793660;WBY1Z21000V308047;I3;No;9326994110;Private;30.08.2015 17:54:39;30.08.2015 17:55:02;0.00;0;1;5;94;94;55.692247;12.617587;55.692213;12.617786
Non_Customer;793664;WBY1Z210X0V307987;I3;No;9326994145;Private;30.08.2015 17:56:06;30.08.2015 17:56:27;0.00;0;1;1;72;72;55.689878;12.625525;55.692469;12.590342
Non_Customer;793661;WBY1Z21040V307922;I3;No;9326994155;Private;30.08.2015 17:56:39;30.08.2015 17:57:24;0.00;0;1;0;78;78;55.692360;12.618775;55.692109;12.617773
Non_Customer;793660;WBY1Z21020V308082;I3;No;9326994170;Private;30.08.2015 17:57:13;30.08.2015 17:57:32;0.00;0;1;1;83;83;55.691146;12.628513;55.690962;12.623449
Non_Customer;793660;WBY1Z21010V307750;I3;No;9326994236;Private;30.08.2015 18:01:02;30.08.2015 18:01:46;0.00;0;1;1;80;80;55.692102;12.617755;55.692105;12.617738
Non_Customer;793665;WBY1Z21050V307766;I3;No;9326994297;Private;30.08.2015 18:04:23;30.08.2015 18:04:57;0.00;1;1;4;97;97;55.692177;12.617624;55.692185;12.617806
Non_Customer;793661;WBY1Z21080V307955;I3;No;9326994324;Private;30.08.2015 18:05:14;30.08.2015 18:05:39;0.00;0;1;1;66;66;0.000000;0.000000;55.687826;12.627385
Non_Customer;793660;WBY1Z21040V307869;I3;No;9326994345;Private;30.08.2015 18:06:02;30.08.2015 18:06:23;0.00;0;1;3;89;89;55.692266;12.617362;55.692042;12.617664
Non_Customer;793665;WBY1Z21080V307860;I3;No;9326994352;Private;30.08.2015 18:06:41;30.08.2015 18:07:00;0.00;0;1;1;83;83;55.692296;12.617706;55.692302;12.617924
Non_Customer;793664;WBY1Z21000V307948;I3;No;9326994362;Private;30.08.2015 18:07:25;30.08.2015 18:07:46;0.00;0;1;0;73;73;55.692320;12.617694;55.692330;12.617920
Non_Customer;793661;WBY1Z21010V308011;I3;No;9326994372;Private;30.08.2015 18:07:52;30.08.2015 18:08:16;0.00;0;1;1;86;86;55.692555;12.617738;55.692302;12.617827
Non_Customer;793660;WBY1Z21020V307868;I3;No;9326994410;Private;30.08.2015 18:08:52;30.08.2015 18:09:15;0.00;0;1;1;74;74;55.692546;12.617783;55.692524;12.617899
Non_Customer;793665;WBY1Z210X0V307908;I3;No;9326994417;Private;30.08.2015 18:09:04;30.08.2015 18:09:28;0.00;0;1;1;73;73;55.692571;12.617650;55.692538;12.617829
Non_Customer;793664;WBY1Z210X0V308072;I3;No;9326994442;Private;30.08.2015 18:10:19;30.08.2015 18:11:22;0.00;0;1;1;72;72;55.690350;12.609011;55.690356;12.608993
Non_Customer;793661;WBY1Z21080V307969;I3;No;9326994513;Private;30.08.2015 18:13:49;30.08.2015 18:14:07;0.00;0;1;2;27;97;55.692314;12.617688;55.692309;12.617731
Non_Customer;793665;WBY1Z21040V307824;I3;No;9326994554;Private;30.08.2015 18:15:13;30.08.2015 18:15:35;0.00;0;1;1;31;31;55.691641;12.619786;55.692297;12.617712
Non_Customer;793660;WBY1Z21080V307776;I3;No;9326994559;Private;30.08.2015 18:15:19;30.08.2015 18:15:53;0.00;0;1;0;51;51;55.691837;12.618749;55.691713;12.618917
Non_Customer;793664;WBY1Z21080V307941;I3;No;9326994566;Private;30.08.2015 18:15:42;30.08.2015 18:16:11;0.00;0;1;0;32;32;55.692306;12.617692;55.692293;12.617743
Non_Customer;793660;WBY1Z21000V308016;I3;No;9326994592;Private;30.08.2015 18:17:13;30.08.2015 18:17:41;0.00;0;1;0;42;42;55.691773;12.619086;55.691746;12.618935
Non_Customer;793665;WBY1Z21010V308008;I3;No;9326994600;Private;30.08.2015 18:17:31;30.08.2015 18:18:05;0.00;0;1;0;21;21;55.692283;12.617678;55.692272;12.617711
Non_Customer;793664;WBY1Z21010V307909;I3;No;9326994628;Private;30.08.2015 18:19:02;30.08.2015 18:19:30;0.00;1;1;2;79;79;55.692191;12.618448;55.692038;12.617684
Non_Customer;793661;WBY1Z21050V308061;I3;No;9326994657;Private;30.08.2015 18:10:32;30.08.2015 18:11:09;0.00;0;1;1;86;86;55.692510;12.617976;55.692389;12.617899
Non_Customer;793660;WBY1Z21040V308066;I3;No;9326994669;Private;30.08.2015 18:12:10;30.08.2015 18:12:31;0.00;0;1;2;85;85;55.692392;12.617888;55.692396;12.617873
Non_Customer;793665;WBY1Z21010V308056;I3;No;9326994671;Private;30.08.2015 18:12:15;30.08.2015 18:12:34;0.00;0;1;2;94;94;55.691804;12.625137;55.691823;12.625061
Non_Customer;793664;WBY1Z21090V308077;I3;No;9326994698;Private;30.08.2015 18:13:27;30.08.2015 18:13:53;0.00;0;1;1;93;93;55.692431;12.617942;55.692433;12.617934
Non_Customer;793661;WBY1Z21020V307823;I3;No;9326994740;Private;30.08.2015 18:17:13;30.08.2015 18:17:55;0.00;0;1;2;47;47;55.692089;12.617414;55.692300;12.617763
Non_Customer;793661;WBY1Z21020V308213;I3;No;9326994772;Private;30.08.2015 18:19:47;30.08.2015 18:20:32;0.00;0;1;1;23;23;55.692171;12.617558;55.692146;12.617669
Non_Customer;793660;WBY1Z210X0V307732;I3;No;9326994842;Private;30.08.2015 18:25:06;30.08.2015 18:25:46;0.00;0;1;0;99;99;55.691838;12.618744;55.691838;12.618744
Non_Customer;793660;WBY1Z21010V307845;I3;No;9326994902;Private;30.08.2015 18:29:24;30.08.2015 18:30:43;0.00;0;1;0;69;69;55.691893;12.618452;55.691893;12.618451
Non_Customer;793664;WBY1Z21030V308236;I3;No;9326994930;Private;30.08.2015 18:31:22;30.08.2015 18:31:47;0.00;0;1;2;57;57;55.700476;12.524937;55.691878;12.618529
Non_Customer;793660;WBY1Z21030V307913;I3;No;9326994934;Private;30.08.2015 18:31:38;30.08.2015 18:32:10;0.00;0;1;0;71;71;55.691770;12.618723;55.691768;12.618499
Non_Customer;793665;WBY1Z21020V307997;I3;No;9326994960;Private;30.08.2015 18:20:29;30.08.2015 18:20:51;0.00;0;1;1;33;99;55.692227;12.617515;55.692142;12.617641
Non_Customer;793664;WBY1Z21050V308206;I3;No;9326994971;Private;30.08.2015 18:21:12;30.08.2015 18:21:34;0.00;0;1;1;31;31;55.692161;12.617584;55.692161;12.617584
Non_Customer;793660;WBY1Z21000V308081;I3;No;9326995003;Private;30.08.2015 18:22:46;30.08.2015 18:23:33;0.00;0;1;0;99;99;55.691738;12.618875;55.691757;12.618615
Non_Customer;793661;WBY1Z21040V307743;I3;No;9326995044;Private;30.08.2015 18:24:58;30.08.2015 18:25:28;0.00;0;1;1;32;64;55.638412;12.583387;55.691872;12.618564
Non_Customer;793660;WBY1Z21040V308035;I3;No;9326995076;Private;30.08.2015 18:27:18;30.08.2015 18:27:49;0.00;0;1;0;52;52;55.691786;12.618545;55.691788;12.618546
Non_Customer;793665;WBY1Z21030V308107;I3;No;9326995092;Private;30.08.2015 18:28:12;30.08.2015 18:28:38;0.00;0;1;0;51;51;55.691689;12.618645;55.691891;12.618462
Non_Customer;793661;WBY1Z21030V308219;I3;No;9326995175;Private;30.08.2015 18:33:14;30.08.2015 18:33:57;0.00;0;1;0;80;99;55.691821;12.618594;55.691756;12.618751
Non_Customer;793660;WBY1Z21030V308107;I3;No;9326995198;Private;30.08.2015 18:34:44;30.08.2015 18:35:22;0.00;0;1;0;51;51;55.691891;12.618462;55.691891;12.618462
Non_Customer;793660;WBY1Z21030V308270;I3;No;9326995259;Private;30.08.2015 18:33:09;30.08.2015 18:33:42;0.00;0;1;0;54;54;55.691679;12.618661;55.691803;12.618479
Non_Customer;793660;WBY1Z21040V308102;I3;No;9326995302;Private;30.08.2015 18:36:44;30.08.2015 18:37:13;0.00;0;1;0;71;71;55.691685;12.618868;55.691916;12.618327
Non_Customer;793660;WBY1Z21050V308187;I3;No;9326995561;Private;30.08.2015 18:38:18;30.08.2015 18:38:52;0.00;0;1;0;69;69;55.691649;12.618717;55.691620;12.618178
Non_Customer;793660;WBY1Z21020V308146;I3;No;9326995606;Private;30.08.2015 18:39:50;30.08.2015 18:41:40;0.00;0;1;0;74;74;55.691902;12.618402;55.691902;12.618402
Customer;797135;WBY1Z21010V307960;I3;No;9327017050;Private;31.08.2015 09:57:36;31.08.2015 13:36:19;0.00;12;1;0;93;99;55.680554;12.568259;55.676052;12.559082
Non_Customer;793661;WBY1Z21050V307959;I3;No;9327017087;Private;31.08.2015 09:58:44;31.08.2015 09:59:44;0.00;1;1;0;99;99;55.691733;12.618750;55.691794;12.618257
Non_Customer;793661;WBY1Z21000V308016;I3;No;9327017567;Private;31.08.2015 10:04:37;31.08.2015 10:11:16;0.00;3;1;0;99;99;55.691746;12.618935;55.691795;12.618322
Non_Customer;793661;WBY1Z21080V307776;I3;No;9327018251;Private;31.08.2015 10:15:31;31.08.2015 10:17:09;0.00;0;1;3;99;99;55.691712;12.618917;55.691917;12.618325
Non_Customer;793660;WBY1Z210X0V307861;I3;No;9327018681;Private;31.08.2015 10:19:06;31.08.2015 10:20:06;0.00;0;1;6;99;99;55.691744;12.619240;55.691699;12.618669
Non_Customer;793661;WBY1Z21000V307951;I3;No;9327018736;Private;31.08.2015 10:20:58;31.08.2015 10:26:18;0.00;0;1;2;37;77;55.691898;12.618405;55.691768;12.618721
Non_Customer;793660;WBY1Z21070V307851;I3;No;9327019528;Private;31.08.2015 10:36:50;31.08.2015 10:37:36;0.00;0;1;5;24;99;55.691611;12.619205;55.691729;12.618934
Non_Customer;793661;WBY1Z21040V307838;I3;No;9327019581;Private;31.08.2015 10:38:28;31.08.2015 10:38:56;0.00;0;1;7;44;99;55.691755;12.619184;55.691826;12.618806
Non_Customer;793661;WBY1Z21090V308077;I3;No;9327020028;Private;31.08.2015 10:44:22;31.08.2015 10:44:58;0.00;0;1;0;92;92;55.692433;12.617934;55.692433;12.617934
Non_Customer;793660;WBY1Z21010V308056;I3;No;9327020100;Private;31.08.2015 10:46:11;31.08.2015 10:46:45;0.00;0;1;2;94;94;55.691823;12.625061;55.691820;12.625071
Non_Customer;793661;WBY1Z21040V308066;I3;No;9327020144;Private;31.08.2015 10:47:44;31.08.2015 10:48:19;0.00;0;1;0;84;84;55.692396;12.617873;55.692396;12.617873
Non_Customer;793661;WBY1Z21050V308061;I3;No;9327020281;Private;31.08.2015 10:50:38;31.08.2015 10:51:08;0.00;0;1;1;85;85;55.692389;12.617899;55.692389;12.617900
Non_Customer;793660;WBY1Z21050V308187;I3;No;9327020494;Private;31.08.2015 10:48:59;31.08.2015 10:50:12;0.00;0;1;1;69;69;55.691621;12.618178;55.692474;12.617882
Non_Customer;793660;WBY1Z210X0V308072;I3;No;9327020581;Private;31.08.2015 10:52:16;31.08.2015 10:54:04;0.00;0;1;0;72;71;55.690356;12.608993;55.691913;12.618346
Non_Customer;793661;WBY1Z21020V308146;I3;No;9327020648;Private;31.08.2015 10:54:45;31.08.2015 11:11:15;0.00;0;1;3;74;73;55.691902;12.618401;55.692474;12.617872
Non_Customer;793660;WBY1Z210X0V307908;I3;No;9327020693;Private;31.08.2015 10:56:16;31.08.2015 10:56:56;0.00;0;1;1;72;72;55.692538;12.617829;55.692538;12.617830
Non_Customer;793660;WBY1Z21020V307868;I3;No;9327020819;Private;31.08.2015 10:58:26;31.08.2015 10:59:16;0.00;0;1;1;73;73;55.692524;12.617899;55.692524;12.617901
Non_Customer;793660;WBY1Z21040V307824;I3;No;9327021720;Private;31.08.2015 11:12:22;31.08.2015 11:14:04;0.00;0;1;12;28;88;55.692297;12.617712;55.691768;12.619111
Non_Customer;793661;WBY1Z21010V308011;I3;No;9327021867;Private;31.08.2015 11:17:42;31.08.2015 11:18:13;0.00;0;1;0;85;85;55.692302;12.617827;55.692302;12.617828
Non_Customer;793660;WBY1Z21080V307941;I3;No;9327021958;Private;31.08.2015 11:18:24;31.08.2015 11:26:04;0.00;0;1;1;32;31;55.692293;12.617743;55.691769;12.619107
Non_Customer;793661;WBY1Z21000V307948;I3;No;9327022302;Private;31.08.2015 11:22:25;31.08.2015 11:22:59;0.00;0;1;0;72;72;55.692330;12.617920;55.692330;12.617920
Non_Customer;793661;WBY1Z21020V307823;I3;No;9327022351;Private;31.08.2015 11:23:46;31.08.2015 11:25:12;0.00;0;1;0;47;46;55.692300;12.617763;55.691759;12.619163
Non_Customer;793660;WBY1Z21080V307860;I3;No;9327022510;Private;31.08.2015 11:29:58;31.08.2015 11:30:34;0.00;0;1;0;82;82;55.692302;12.617924;55.692302;12.617924
Non_Customer;793661;WBY1Z21010V308008;I3;No;9327022548;Private;31.08.2015 11:30:58;31.08.2015 11:32:10;0.00;1;1;1;20;20;55.692272;12.617711;55.691757;12.619170
Non_Customer;793660;WBY1Z21010V307845;I3;No;9327022949;Private;31.08.2015 11:34:04;31.08.2015 11:35:17;0.00;0;1;0;68;68;55.691893;12.618452;55.692321;12.617804
Non_Customer;793660;WBY1Z21040V307869;I3;No;9327023101;Private;31.08.2015 11:39:37;31.08.2015 11:40:14;0.00;0;1;0;88;88;55.692042;12.617664;55.692042;12.617664
Non_Customer;793661;WBY1Z21020V308213;I3;No;9327023293;Private;31.08.2015 11:45:21;31.08.2015 12:09:54;0.00;0;1;0;22;22;55.692146;12.617669;55.691724;12.619346
Non_Customer;793660;WBY1Z21050V307766;I3;No;9327023476;Private;31.08.2015 11:41:28;31.08.2015 11:43:24;0.00;0;1;0;97;97;55.692185;12.617806;55.692185;12.617806
Non_Customer;793660;WBY1Z21080V307955;I3;No;9327024631;Private;31.08.2015 12:05:32;31.08.2015 12:07:00;0.00;0;1;0;65;65;55.687835;12.627354;55.691466;12.621449
Non_Customer;793660;WBY1Z21050V308206;I3;No;9327024853;Private;31.08.2015 12:09:38;31.08.2015 12:10:53;0.00;0;1;0;28;99;55.692161;12.617584;55.691704;12.619454
Non_Customer;793660;WBY1Z21040V307743;I3;No;9327025182;Private;31.08.2015 12:15:21;31.08.2015 12:16:37;0.00;0;1;0;64;64;55.691960;12.618098;55.692066;12.617535
Non_Customer;793660;WBY1Z21040V307953;I3;No;9327027214;Private;31.08.2015 12:54:41;31.08.2015 12:54:42;0.00;1;1;70;71;70;55.691508;12.618303;55.692155;12.617803
Non_Customer;793664;WBY1Z21040V307953;I3;No;9327027381;Private;31.08.2015 12:54:39;31.08.2015 12:54:40;0.00;0;1;1134;72;72;55.690976;12.621268;55.691508;12.618303
Non_Customer;793664;WBY1Z21000V308016;I3;No;9327035027;Private;31.08.2015 15:25:59;31.08.2015 16:03:21;0.00;14;1;0;99;85;55.691795;12.618322;55.692053;12.617601
;;;;;;;06.08.2015 09:06:22;31.08.2015 16:03:21;2.19;1015;503;1890;78;79;0;0;0;0
